,US,EU,Mexico,Chile,Brazil,India,China
2017-03-28,100.03831501248524,101.3083008084956,99.96229824483936,100.0,100.86903884700963,100.0,101.8581185196022
2017-03-29,100.04661447236477,101.39546435299604,99.96656565545464,100.0,100.85222995597849,100.0,101.9688540507246
2017-03-30,100.09668025072442,101.44809133259425,99.98105310141838,100.0,100.97608066486748,99.99352152127776,101.97518223031132
2017-03-31,100.13132517380828,101.43954114433755,99.95886942964066,100.0,101.02989066624365,100.07997939160396,102.00932975068018
2017-04-03,100.14421882106132,101.51152124592684,99.9658609882392,100.0,101.06498053293063,100.0875996868698,102.00932975068018
2017-04-05,100.2113326482944,101.52956225919964,99.9460732457726,100.0,101.1891061906678,100.08343706896912,102.06980068162812
2017-04-06,100.25181013341624,101.52744790811528,99.96680339008353,100.0,101.31183404132476,100.18143965084624,102.06471364537173
2017-04-07,100.24422502509974,101.53420442379768,99.96254651519588,100.0,101.34349345125185,100.16929516167204,102.06471364537173
2017-04-10,100.23738510420073,101.53187841309496,99.98250437710062,100.0,101.391595653811,100.20041783459168,102.06471364537173
2017-04-11,100.22396261417954,101.52913165048705,99.9904946070598,100.0,101.4528860791887,100.16054723587298,102.06471364537173
2017-04-12,100.20996581650228,101.55016809976986,100.02583514394304,100.0,101.54482601021115,100.16054723587298,102.06471364537173
2017-04-13,100.22737381176044,101.53955766519115,100.02583514394304,100.0,101.58294133459977,100.11261513585012,102.06471364537173
2017-04-17,100.2039893481396,101.53955766519115,99.9266285083832,100.0,101.56812133733068,100.11333211696004,102.06471364537173
2017-04-18,100.13617633189122,101.55966853636323,99.93077354525856,100.0,101.44790585320922,100.12537212415786,102.05984926616313
2017-04-19,100.20737459735784,101.5842570452979,99.9545902534249,100.0,101.43769725877586,100.08382963706131,102.05984926616313
2017-04-20,100.29847654762816,101.60710513588222,99.97227290699024,100.0,101.41585727765204,100.08615295473466,102.0635427147942
2017-04-21,100.26602678056516,101.63470616682572,99.98648842766993,100.0,101.41585727765204,100.07203039819206,102.0635427147942
2017-04-24,100.43154719916711,101.62521936399956,99.97384592922604,100.0,101.35080289442892,100.10386711656278,102.0635427147942
2017-04-25,100.47996732606886,101.59026748313092,99.98334897141292,100.0,101.35013184103758,100.11097087877818,102.0635427147942
2017-04-26,100.4859658229248,101.5834684796945,99.9506037891916,100.0,101.3070626151122,100.15174871034344,102.0635427147942
2017-04-27,100.50654899468444,101.61363185086569,99.8990386174546,100.0,101.24640140139203,100.15619481019333,102.0635427147942
2017-04-28,100.53151995573866,101.64155273796692,99.94541462473424,100.0,101.17841151745152,100.17209299349337,102.0635427147942
2017-05-01,100.51347416642729,101.64155273796692,99.94541462473424,100.0,101.17841151745152,100.17209299349337,102.0635427147942
2017-05-02,100.50816673726,101.60553286061403,99.94592937957954,100.0,100.95636709373515,100.19389117147767,101.99437938407544
2017-05-03,100.54663678221404,101.58030160126476,99.93018924586104,100.0,100.89991377674843,100.19815556515366,101.93628753761726
2017-05-04,100.5552159626076,101.6407072743336,99.93149086970136,100.0,101.0122835146612,100.22968660788862,101.9212090025392
2017-05-05,100.57699049866213,101.6302547774727,99.93146791070583,100.0,101.029419873069,100.16987432236763,101.95461510547403
2017-05-08,100.57724119518296,101.64927007660756,99.93760438944656,100.0,101.04747877781892,100.14630578783814,102.00804741640329
2017-05-09,100.5663610208095,101.66462918708126,99.94451870804797,100.0,100.98171237239616,100.16186190999048,101.98065001010067
2017-05-10,100.57164630257374,101.64017173277612,99.9333979384158,100.0,101.0607960118404,100.17366898239231,101.97616284847058
2017-05-11,100.58965629494892,101.6449398791626,99.9236221033331,100.0,101.08153501016002,100.13567384293611,101.97616284847058
2017-05-12,100.62680468564874,101.65058808522949,99.91215707798008,100.0,101.0802513567663,100.09641798684048,101.97616284847058
2017-05-15,100.66847764798425,101.66063488266347,99.87069893330457,100.0,101.07658760814935,100.10061929905068,101.97616284847058
2017-05-16,100.66716262571023,101.6636375246606,99.84908660257166,100.0,101.0838027902227,100.08579810086636,101.97616284847058
2017-05-17,100.63190497833476,101.6971809488614,99.83880565313426,100.0,101.1653555058106,100.07110162286553,101.97616284847058
2017-05-18,100.70946787064004,101.7281299366654,99.98128812098514,100.0,101.20571518683224,100.05937964630732,101.97616284847058
2017-05-22,100.7688699862381,101.72012015552122,99.96466391837386,100.0,101.61545809853018,100.06725722590257,102.09229584140232
2017-05-23,100.78168932232738,101.71671773146328,99.96286741180688,100.0,101.70301501589148,100.02968998269898,102.177699791191
2017-05-24,100.75788665508172,101.72023152328212,99.95568110351398,100.0,101.76506844419448,100.04943846996076,102.16410231265692
2017-05-25,100.83161541358967,101.71714674357531,99.97184413002272,100.0,101.827338265968,100.02717854876882,102.17275012761256
2017-05-26,100.83526565683474,101.70230585869416,100.102860307665,100.0,101.9611951519338,100.01502706098957,102.17275012761256
2017-05-30,100.84825074834004,101.70221485273127,100.1115301446833,100.0,102.05863029074158,100.00963643914606,102.17275012761256
2017-05-31,100.86422186575255,101.6986949202025,100.1182229598632,100.0,102.1461031884626,100.0132943630633,102.2113101336074
2017-06-01,100.94136217615356,101.70245912717232,100.1229077746733,100.0,102.24673743754798,99.98383179016952,102.21915841519348
2017-06-02,100.91433284641592,101.7123215274462,100.12202603480154,100.0,102.28222966183588,99.97474695348556,102.21915841519348
2017-06-05,100.91219897527375,101.72509581035686,100.08857446974972,100.0,102.38685505473278,100.01004749959765,102.1922768869656
2017-06-06,100.8405213977897,101.70910228789792,100.07198115640674,100.0,102.44347440789733,99.98367370567324,102.17754360611684
2017-06-07,100.83994557643524,101.72121498365988,100.04587828037566,100.0,102.47848417760086,99.94744750842308,102.18342969462552
2017-06-08,100.81050403880522,101.70215365209864,100.0589272037347,100.0,102.510731406116,100.0047236432758,102.18342969462552
2017-06-09,100.82150317600676,101.68412413050083,100.10384790844444,100.0,102.49616217587445,99.92490430862776,102.18342969462552
2017-06-12,100.809376405258,101.66627878106488,100.0973814163646,100.0,102.51724045941413,99.98219576175518,102.1931081465486
2017-06-13,100.796340296462,101.66393646556288,100.09195288715524,100.0,102.5447075635612,99.98455778527608,102.1931081465486
2017-06-14,100.7299633547234,101.67381385162612,100.0878266083892,100.0,102.57502710219366,99.99044862235424,102.1931081465486
2017-06-15,100.74088012336225,101.68741365564298,100.08433841781226,100.0,102.577334298935,99.98452374274208,102.1931081465486
2017-06-16,100.7221939066495,101.67459854672263,100.0792722905163,100.0,102.5527211375952,99.99363868297075,102.1931081465486
2017-06-19,100.7465163804692,101.68038409729203,100.0859894074347,100.0,102.5121151244231,99.99619578938857,102.1931081465486
2017-06-20,100.74881424244822,101.66480162619575,100.07888800354652,100.0,102.55266625913946,99.99928367841066,102.1931081465486
2017-06-21,100.74214416300973,101.6908447901936,100.06310264741268,100.0,102.5253347115814,99.9867269899626,102.1931081465486
2017-06-22,100.73980326524818,101.69539820718452,100.13486174613442,100.0,102.509434296509,100.0067029330274,102.1931081465486
2017-06-23,100.7786766347571,101.73049994918247,100.06353908852014,100.0,102.50683174310328,100.02537562091928,102.1931081465486
2017-06-26,100.79162920455778,101.74747948030392,100.08944973148466,100.0,102.50557134066922,100.02537562091928,102.48997771796328
2017-06-27,100.81758214217874,101.7969215820283,100.08969704533804,100.0,102.50722442052908,100.02008689791336,102.4750276194731
2017-06-28,100.85331776334256,101.81281878697015,100.09229446636608,100.0,102.46796862216068,100.01859860793942,102.45361730604546
2017-06-29,100.83413376336534,101.84672749103096,100.09144927305186,100.0,102.46931076901896,100.00330166735006,102.4062281977597
2017-06-30,100.87800148009931,101.85424012713888,100.07018812062614,100.0,102.4103916305855,100.03327588427278,102.44330917189616
2017-07-03,100.94445772591334,101.86305393977626,100.0595828825409,100.0,102.4552803531546,100.04206794267536,102.44330917189616
2017-07-05,100.96219674583568,101.87268988828768,100.05919423011778,100.0,102.4346499760183,99.99665440857316,102.44116864361928
2017-07-06,100.93565085396344,101.80056721365938,99.98294982369109,100.0,102.4692969667894,100.02233286534307,102.44112195191992
2017-07-07,100.91302799866271,101.81098928398838,99.97659524239644,100.0,102.49021789906163,100.03850088961224,102.45216885226796
2017-07-10,100.90329561456606,101.83216244205953,99.99820080137889,100.0,102.52119108658574,100.09974323021235,102.45216885226796
2017-07-11,100.88942279747673,101.82549530263074,99.96425972075596,100.0,102.56157534886916,100.07346645422083,102.43665817530444
2017-07-12,100.87614646372396,101.83874964484394,99.95990236728292,100.0,102.55733309973652,100.10973192821038,102.46063970470354
2017-07-13,100.89262095539236,101.83447436774496,99.94041144076697,100.0,102.57791290790198,100.11024045552368,102.51113504251256
2017-07-14,100.8516354220946,101.8189064501322,99.94248214094756,100.0,102.6109961773384,100.11024045552368,102.52880972561978
2017-07-17,100.84175921288548,101.83399962227683,99.9361273522105,100.0,102.6199507479455,100.11024045552368,102.53241820731812
2017-07-18,100.83443180391632,101.84001044352028,99.93395985929864,100.0,102.66836955880854,100.11024045552368,102.51515665456526
2017-07-19,100.8822645141266,101.8528639808338,99.95108548094112,100.0,102.68523711793878,100.11341979745904,102.5321679397402
2017-07-20,100.8624758627143,101.84045775757708,99.95833665677564,100.0,102.74320005019295,100.11341979745904,102.5728367238424
2017-07-21,100.84706349034936,101.86388035064276,99.97758824952616,100.0,102.74352229585696,100.13576418363432,102.5728367238424
2017-07-24,100.88689750487303,101.85713569500348,99.99051067019758,100.0,102.79556203097869,100.157241197066,102.5728367238424
2017-07-25,100.92096314700989,101.81130470890092,99.98160760126792,100.0,102.81517116192076,100.11555657022204,102.58524227162428
2017-07-26,100.86710777130877,101.80553663013347,100.0304655547057,100.0,102.83986720319947,100.11455210103544,102.58524227162428
2017-07-27,100.8627429523586,101.82267072989524,100.03601710706891,100.0,102.8512654283854,100.12078347535432,102.5851093429329
2017-07-28,100.85584915245188,101.81162284251164,100.0283857947526,100.0,102.8316186705906,100.12078347535432,102.58836027640284
2017-08-01,100.86204620854323,101.83463585491047,100.04001554748687,100.0,102.72299969937453,100.12836444936006,102.57131004867672
2017-08-02,100.8807589744347,101.84574377572336,100.0360189993488,100.0,102.70831137793095,100.20277785598456,102.57096257201287
2017-08-03,100.8527378447952,101.87301192068318,100.02921723779596,100.0,102.71481757161858,100.2423441550664,102.59916906668676
2017-08-04,100.88733291973094,101.87576554166478,100.0224466073466,100.0,102.73253451107706,100.2267273002285,102.5768797260069
2017-08-07,100.900006314772,101.8808746481223,100.00600711570948,100.0,102.72082699779575,100.22361317334769,102.5768797260069
2017-08-08,100.92651413503336,101.8680674424082,100.01478089853435,100.0,102.7276179149948,100.2519410125788,102.555861941419
2017-08-09,100.91026237863458,101.91338061308906,100.06338776060193,100.0,102.72894222494465,100.2519410125788,102.55876129502435
2017-08-10,100.87330857963768,101.9394845977649,99.98606517730288,100.0,102.72190016741422,100.23390920919071,102.55876129502435
2017-08-11,100.7824866021525,101.9894745726692,100.00143278732315,100.0,102.7516696346138,100.27017691850688,102.55876129502435
2017-08-14,100.87869180325302,101.99051111330506,100.01003461145588,100.0,102.7204744395534,100.27017691850688,102.55876129502435
2017-08-15,100.95109896350483,102.0089715970396,99.97924306956465,100.0,102.70130010993496,100.27017691850688,102.55876129502435
2017-08-16,100.90965089753244,101.99934784243854,100.00689001118135,100.0,102.68511962815776,100.24362607991463,102.55876129502435
2017-08-18,100.88606939893864,102.05195257440148,99.95916709107082,100.0,102.68455802404031,100.2955311043578,102.61243549065058
2017-08-21,100.84525413368112,102.06144456708014,99.96241959355524,100.0,102.68742426363534,100.29383891879526,102.61243549065058
2017-08-24,100.90017487433178,102.06032307316876,99.98165326611311,100.0,102.60708124132138,100.30302282507448,102.62907732278374
2017-08-28,100.84851595801416,102.01591481123512,99.96910782976671,100.0,102.63491390326614,100.30302282507448,102.62907732278374
2017-08-29,100.78242374530376,102.01207159968328,99.9411586163912,100.0,102.66413689420985,100.32369225922122,102.62907732278374
2017-08-30,100.84151048206508,102.02379612070654,99.93250648023712,100.0,102.68638331159814,100.32369225922122,102.59736856125824
2017-08-31,100.84301225103344,102.02541311528692,99.92898415327998,100.0,102.73897044794124,100.296764391877,102.60049352261191
2017-09-01,100.91202877936624,102.02109703013892,99.93086878351532,100.0,102.77876528564288,100.34277274168062,102.60049352261191
2017-09-05,100.77154084993585,102.00623243914104,99.92848620205442,100.0,102.91396599831238,100.36275998163588,102.60049352261191
2017-09-07,100.77577028932654,102.085092420141,99.9267913950121,100.0,102.91396599831238,100.32594666182932,102.5894872025164
2017-09-08,100.77970715601788,102.10244808150016,99.9340973663401,100.0,103.03503608332004,100.32594666182932,102.57606561946326
2017-09-11,100.925497248944,102.11746923066056,99.9257869628754,100.0,103.0494503645635,100.3414903132552,102.57606561946326
2017-09-13,100.95509943866664,102.13938695580664,99.9165875982181,100.0,103.09022039353562,100.31325932637677,102.57606561946326
2017-09-14,100.99755502162292,102.177017214618,99.93507727181236,100.0,103.11039884100306,100.31366445407394,102.57606561946326
2017-09-15,100.96848214589716,102.2065913201402,99.91752167933734,100.0,103.15547519136106,100.30781651998272,102.57606561946326
2017-09-18,100.94116986730212,102.21248095315244,99.92887760438497,100.0,103.1501473007413,100.31896575445688,102.57606561946326
2017-09-19,100.93298367782091,102.21502188972256,99.92219376866754,100.0,103.17123784130516,100.31896575445688,102.57606561946326
2017-09-20,100.84513462326063,102.20724412695924,99.85632615072176,100.0,103.18379289791297,100.33271706613505,102.57606561946326
2017-09-22,100.82411892882344,102.25125369792494,99.79482065136403,100.0,103.27640534782972,100.29707002912664,102.57606561946326
2017-09-25,100.8356112237625,102.25237513950154,99.79475985037384,100.0,103.2581004125669,100.3630449086979,102.57606561946326
2017-09-26,100.79321134906256,102.26142072480552,99.7879479156016,100.0,103.24584089156066,100.36520328075058,102.57606561946326
2017-09-28,100.8263381645107,102.31652236180445,99.72367613213244,100.0,103.252803525234,100.38309985609952,102.57606561946326
2017-10-03,100.75260623327615,102.30465083521104,99.71385578178472,100.0,103.17501615925846,100.41263270837162,102.57606561946326
2017-10-04,100.72396541499415,102.30386183930472,99.6980484623267,100.0,103.1683750911591,100.42224607148198,102.57606561946326
2017-10-05,100.68160807293498,102.30981241527056,99.72304623013817,100.0,103.16868162782822,100.40835191092232,102.57606561946326
2017-10-06,100.6470095541056,102.30761940215667,99.65444960046868,100.0,103.12099456928496,100.43408143158577,102.57606561946326
2017-10-10,100.645366673348,102.31400292544322,99.6407963546565,100.0,103.16569069906424,100.43408143158577,102.57606561946326
2017-10-11,100.6364575807293,102.32278200172752,99.61734795497826,100.0,103.1370267384069,100.4053974380304,102.57606561946326
2017-10-12,100.6351698699602,102.3248502199438,99.81086103809348,100.0,103.1370267384069,100.3921558529582,102.57606561946326
2017-10-13,100.66482337307112,102.31944603517717,100.07669220557808,100.0,103.09844172050522,100.39568045338444,102.57606561946326
2017-10-16,100.55270335819688,102.31052337065772,100.24213997849373,100.0,103.06705423615882,100.42242761453387,102.57606561946326
2017-10-17,100.5374179409132,102.32168935693558,100.18618679482285,100.0,102.99462340394584,100.43189805391204,102.57606561946326
2017-10-18,100.5508457494716,102.31861370193424,100.1370951627959,100.0,102.97304992101284,100.44349618990078,102.57606561946326
2017-10-19,100.62435093473948,102.3175447536363,100.16829719839784,100.0,102.94564042544762,100.44349618990078,102.57606561946326
2017-10-20,100.5510948729048,102.31763216049843,100.1967569370392,100.0,102.9074767869911,100.44349618990078,102.57606561946326
2017-10-23,100.57471647203502,102.32108446793676,100.1962529411138,100.0,102.87115748493464,100.47490446102856,102.57606561946326
2017-10-24,100.53306988463446,102.3318974597758,100.25593515709484,100.0,102.84770184606148,100.51642712049728,102.57606561946326
2017-10-25,100.52538183323055,102.3393479443064,100.2527260134234,100.0,102.8191928241511,100.48876096414124,102.57606561946326
2017-10-26,100.48252544866992,102.32903140227384,100.25614185116456,100.0,102.822553211477,100.52147475450242,102.57606561946326
2017-10-27,100.5251288175436,102.33476788698852,100.25016376431864,100.0,102.88354422070154,100.53185465083784,102.57606561946326
2017-10-30,100.54958867895851,102.33800948239708,100.22288594729962,100.0,102.86862408226732,100.52518769921008,102.57606561946326
2017-10-31,100.48384731001644,102.34151067401636,100.2354788172596,100.0,102.89032765860192,100.55783900876033,102.57606561946326
2017-11-01,100.44773715947134,102.34463555728072,100.25040291362394,100.0,102.86439810805912,100.53333892560434,102.57606561946326
2017-11-07,100.43206908826988,102.35097540670816,100.22644199358471,100.0,102.80553367411729,100.56345095613332,102.57606561946326
2017-11-08,100.42368916390951,102.34663937739153,100.27215621384072,100.0,102.79337027543374,100.6080813431636,102.57606561946326
2017-11-09,100.41915789340293,102.3254511648273,100.2115143115564,100.0,102.77755890564904,100.5907619927698,102.57606561946326
2017-11-10,100.34640458950264,102.30898378292268,100.27256611127018,100.0,102.76309470821904,100.62054512586268,102.57606561946326
2017-11-13,100.30229828486638,102.3111324672138,100.26805244055936,100.0,102.75317046104864,100.61996996150732,102.57606561946326
2017-11-14,100.3496497486268,102.31893359893134,100.30182840717936,100.0,102.7348328924331,100.70355678481536,102.57606561946326
2017-11-15,100.38480979590383,102.32505502485336,100.35695260518824,100.0,102.71673673484986,100.68857025656057,102.57606561946326
2017-11-16,100.31747373491469,102.3371147224988,100.2553979834415,100.0,102.6921289423488,100.77361401505271,102.57606561946326
2017-11-17,100.35443948248684,102.343328577365,100.37351550028946,100.0,102.68136180079826,100.8083690856174,102.57606561946326
2017-11-20,100.27505509788304,102.35913699443388,100.37351550028946,100.0,102.68136180079826,100.83694690964236,102.57606561946326
2017-11-21,100.28325652952094,102.36619663424112,100.35122170198076,100.0,102.6032341471904,100.82699303170808,102.57606561946326
2017-11-22,100.38477767758413,102.37702273705706,100.3024367596832,100.0,102.63585094925892,100.86076777488738,102.57606561946326
2017-11-24,100.35478221717476,102.37155203451972,100.5995736047734,100.0,102.58429278158914,100.8915565964332,102.57606561946326
2017-11-27,100.35951703493085,102.37537934591543,100.60164401843213,100.0,102.58758998060952,100.8915565964332,102.57606561946326
2017-11-28,100.36349454530074,102.38612844954558,100.56318615985616,100.0,102.57882941785196,100.95493310308656,102.57606561946326
2017-11-29,100.32073227532004,102.36918872680847,100.5283990072193,100.0,102.59253346469836,100.96120592108312,102.57606561946326
2017-11-30,100.34824243388478,102.36604080125149,100.51138503526307,100.0,102.5614494515134,100.97495774787372,102.57606561946326
2017-12-01,100.37860484049604,102.37264253856657,100.52405769474748,100.0,102.55914727917926,100.97495774787372,102.57606561946326
2017-12-04,100.3906605530772,102.38967826115136,100.5224587143236,100.0,102.53393832006076,100.99810292398044,102.57606561946326
2017-12-05,100.41087506873778,102.4034467004492,100.46021196740588,100.0,102.56044559774776,101.00258912900796,102.57606561946326
2017-12-06,100.43923057593976,102.4206474375546,100.46871345672147,100.0,102.55057275938871,100.97260367463844,102.57606561946326
2017-12-07,100.48705270562223,102.4338456876472,100.47330936989324,100.0,102.55150059715253,100.98188033536404,102.57606561946326
2017-12-08,100.48669966477932,102.44660661603724,100.4831819773686,100.0,102.5969834395782,101.00333622667954,102.57606561946326
2017-12-11,100.48226969690108,102.47212470051596,100.4108220240919,100.0,102.6373184428394,101.0368529220292,102.57606561946326
2017-12-12,100.49230427280476,102.47723725772616,100.40038912570095,100.0,102.57384726092778,101.03886747278229,102.57606561946326
2017-12-18,100.499376912031,102.49058373465516,100.21965224210643,100.0,102.76474169562732,101.04554531653532,102.57606561946326
2017-12-19,100.48227664688328,102.50793440747805,100.2677488240683,100.0,102.75551100298524,101.04554531653532,102.57606561946326
2017-12-20,100.48665743497418,102.47514923985788,100.27374301265294,100.0,102.78098367278814,101.04554531653532,102.57606561946326
2017-12-22,100.46103963914932,102.44596883479367,100.33412576645767,100.0,102.80988103152865,101.21198919898222,102.57606561946326
2017-12-26,100.46488689796274,102.44596883479367,100.37608206723375,100.0,102.85169843800996,101.21198919898222,102.57606561946326
2017-12-27,100.47422159026056,102.44155435504732,100.3851157441956,100.0,102.89547456807712,101.21752830871584,102.57606561946326
2017-12-28,100.4819496742107,102.44130378955867,100.40501104058936,100.0,102.90168614538705,101.32781213258426,102.48600357415366
2017-12-29,100.49445196631406,102.42819039941982,100.44388046329364,100.0,102.90168614538705,101.35961838595288,102.48600357415366
2018-01-02,100.46504384902492,102.46158204741408,100.44024175071232,100.0,103.02305628919387,101.43886035823274,102.43804159487031
2018-01-04,100.45382052927214,102.48532513136423,100.4320380474658,100.0,103.06152180342804,101.45844041947215,102.4352285327252
2018-01-05,100.4456573546458,102.49004466493786,100.40864790448109,100.0,102.98210371681996,101.33989751716538,102.44975212727944
2018-01-08,100.46332193033396,102.50673006707562,100.39824955396826,100.0,102.9919467885255,101.34601852996347,102.44975212727944
2018-01-09,100.45337195994482,102.4763045013075,100.39374252842336,100.0,103.02092256485264,101.42793817993504,102.44975212727944
2018-01-10,100.46227653290836,102.4607518902076,100.36424887647468,100.0,102.97159439749986,101.5057860181778,102.45108220555134
2018-01-11,100.4728075641076,102.40678602782852,100.44284192242884,100.0,102.8086189580182,101.40805955857846,102.44531396128798
2018-01-12,100.42183502910513,102.38916587218596,100.5659783545169,100.0,102.75349319645753,101.40517287136856,102.44531396128798
2018-01-16,100.40412619375203,102.3854577286571,100.59788242429384,100.0,102.79065296303057,101.48002252709398,102.44531396128798
2018-01-17,100.35378544005808,102.39090952278748,100.58975432274993,100.0,102.81384062026386,101.31528782337766,102.4285600135208
2018-01-18,100.40369771323309,102.4104823632682,100.59773471377072,100.0,102.81583588350227,101.31528782337766,102.42579904255736
2018-01-19,100.36901679316507,102.4242990877012,100.54899566806004,100.0,102.80035109496195,101.4196489890815,102.4109466364824
2018-01-22,100.36770898148905,102.4293764139128,100.53373459523338,100.0,102.77351368175792,101.39474115394748,102.41350604707269
2018-01-23,100.4090892158392,102.42177931149216,100.61718655392636,100.0,102.87172301563972,101.3750264860926,102.41350604707269
2018-01-24,100.39520031175546,102.431489340314,100.6118921331608,100.0,102.98426637502908,101.3670470470388,102.42171055781438
2018-01-25,100.40085967468276,102.41973055645606,100.55488251522937,100.0,102.98426637502908,101.3670470470388,102.42549050211498
2018-01-26,100.340003632416,102.41446389275146,100.5452824026162,100.0,102.9202166661487,101.3670470470388,102.42549050211498
2018-01-29,100.34292951661874,102.41311995525592,100.49322605643842,100.0,102.98056296545366,101.4453184375682,102.42549050211498
2018-01-30,100.3136291472062,102.4101287703979,100.46927081662028,100.0,102.95545364277206,101.41941662435993,102.42549050211498
2018-01-31,100.25577406616296,102.39135843557484,100.52287093820556,100.0,103.0376577184228,101.68484721210824,102.42549050211498
2018-02-01,100.23464803246168,102.371615641913,100.58539957831782,100.0,103.06370377077656,101.7159145006956,102.41536176389944
2018-02-02,100.23143156108024,102.4035478927877,100.54105732361542,100.0,103.06848623067832,101.8265710784248,102.4130374060208
2018-02-05,100.51877609929193,102.36053178388596,100.54105732361542,100.0,103.04066148126157,101.80408977245796,102.40450281785162
2018-02-06,100.31196359089718,102.34606101413904,100.52979204949656,100.0,102.98098100837932,101.82566932526784,102.41064838115904
2018-02-07,100.31116687085154,102.3650601319622,100.5546450355248,100.0,103.01090814989648,101.7148434748079,102.41064838115904
2018-02-08,100.33157063992824,102.35080212504268,100.47093839267323,100.0,103.004845759107,101.70594953755884,102.39746901765146
2018-02-09,100.37281994884412,102.33630722049432,100.34782201915678,100.0,102.99509128950112,101.71663823003362,102.40050697308432
2018-02-12,100.33995032155715,102.321190216901,100.4178594236935,100.0,102.99509128950112,101.71022979523394,102.40050697308432
2018-02-13,100.3059997276201,102.31937990261652,100.37660248407522,100.0,102.99509128950112,101.71022979523394,102.40050697308432
2018-02-14,100.1592790746555,102.33814969942124,100.35464230882096,100.0,103.02240155554284,101.70989907220208,102.40050697308432
2018-02-15,100.10055040320944,102.35025353575315,100.31308282724729,100.0,103.08655155358517,101.69672867430832,102.40050697308432
2018-02-16,100.12237876057692,102.3507336432621,100.2432674832794,100.0,103.11238322457304,101.71098454485804,102.40050697308432
2018-02-20,100.0772780550936,102.36618888174172,100.26530297092862,100.0,103.2417537863272,101.7392660072978,102.40050697308432
2018-02-21,100.02704105119828,102.37361958799212,100.24692088510648,100.0,103.22568586911736,101.6859992898336,102.40050697308432
2018-02-22,100.05727444611904,102.36706897922872,100.22347802096814,100.0,103.2408374359355,101.70206163520037,102.40050697308432
2018-02-23,100.06358160776526,102.3660372267944,100.21154471343468,100.0,103.2421587443551,101.76565681946596,102.40050697308432
2018-02-26,100.11417456631982,102.38100654429635,100.20896556708448,100.0,103.1855122775195,101.78164514350964,102.40050697308432
2018-02-27,100.09129903768864,102.39031178572036,100.21296485573696,100.0,103.12827399205018,101.74492806395683,102.41238242967434
2018-02-28,100.04336042004856,102.39467194111502,100.23969980870088,100.0,103.18591500619544,102.13967837575537,102.44468868677144
2018-03-01,100.169599616281,102.40805899804066,100.24637034183348,100.0,103.22604639759648,102.17980999588798,102.44468868677144
2018-03-02,100.14690468290006,102.4020170563586,100.25505821765692,100.0,103.28439929689092,102.17980999588798,102.43677187951296
2018-03-05,100.19782805963548,102.4052289145008,100.24697807433247,100.0,103.46307753163342,102.20107690781836,102.43677187951296
2018-03-06,100.18408396071624,102.41652991741302,100.26336699408634,100.0,103.4941440593457,102.189846335313,102.44811412480412
2018-03-07,100.19115776294782,102.43224932899513,100.281172752603,100.0,103.46907586578403,102.2428950139766,102.43679502178776
2018-03-08,100.26161356802449,102.43753335052502,100.30381397875452,100.0,103.43801123404997,102.2336814467421,102.43679502178776
2018-03-09,100.26718905935736,102.42452469425614,100.26796846409928,100.0,103.4706430393332,102.18874817856714,102.41706399928783
2018-03-12,100.305598714326,102.4142636517232,100.26051177548648,100.0,103.49614486975436,102.21620495220118,102.41706399928783
2018-03-13,100.36208859721609,102.40671870253745,100.23920006398008,100.0,103.47986155564524,102.21602212901234,102.4363564317466
2018-03-14,100.44185112919033,102.39294446947189,100.24764224046773,100.0,103.50192029810184,102.21470740086298,102.42561343586854
2018-03-15,100.47850058702748,102.39430029398687,100.24113300427824,100.0,103.4651143074836,102.25165145758469,102.4299935869842
2018-03-16,100.5709053434886,102.38283518702956,100.23205000103724,100.0,103.4439015518655,102.28353562046838,102.42078660355286
2018-03-19,100.59145064376028,102.4014463069739,100.23205000103724,100.0,103.53461897232935,102.2331479364222,102.42078660355286
2018-03-20,100.6021589200042,102.39854648144716,100.2096138161584,100.0,103.5257522082129,102.22727859321124,102.41441172362332
2018-03-22,100.62875558953162,102.36851198626576,100.2620520197993,100.0,104.25650919325058,102.16699823797262,102.40738417415449
2018-03-23,100.61153921398484,102.37346303051004,100.20745293046076,100.0,104.28476543959955,102.17812686666024,102.44054055416332
2018-03-26,100.67906418743866,102.36824381064716,100.24452664758124,100.0,104.3313249299391,102.18475456114994,102.44054055416332
2018-03-27,100.63609043521436,102.3457426370224,100.25996427008654,100.0,104.3212616546008,102.21303375337884,102.44054055416332
2018-03-28,100.66327449597136,102.33522294586491,100.27154758942562,100.0,104.37550264040378,102.02224030186164,102.44054055416332
2018-03-29,100.72302507640808,102.3359237429845,100.27154758942562,100.0,104.4426542015471,102.02224030186164,102.44571437758324
2018-04-02,100.7338312854798,102.3359237429845,100.23145924809404,100.0,104.62939299470936,102.02224030186164,102.44571437758324
2018-04-03,100.73293578470668,102.35022258500943,100.27453512272416,100.0,104.48648976400258,102.00408698233174,102.44571437758324
2018-04-04,100.73822675959,102.3412150329854,100.30308384661969,100.0,104.41883112081854,102.01329141924631,102.42021171951082
2018-04-05,100.7744399040242,102.3605840883155,100.2915901396309,100.0,104.39076603173804,102.01996305304952,102.42021171951082
2018-04-06,100.78254892906617,102.35127933973028,100.28549073284994,100.0,104.2953954348666,102.11603295498446,102.42021171951082
2018-04-09,100.84790969464296,102.34886748640128,100.2700618836821,100.0,104.23783959781954,102.09722162513675,102.43761605699828
2018-04-10,100.89391715679297,102.3458954719888,100.27854557556996,100.0,104.27287518624364,102.0804670518489,102.42280549923974
2018-04-11,100.90285339799694,102.34376508489744,100.27643097787,100.0,104.35645909585034,102.0706354305221,102.42201843762956
2018-04-12,100.9530731319941,102.33890530350772,100.34460185098936,100.0,104.37205314245588,102.08546113449576,102.42201843762956
2018-04-13,100.9843464794954,102.34259568800022,100.3497323167411,100.0,104.38956553022103,102.0648415465598,102.42201843762956
2018-04-16,101.02770035650208,102.34286707377387,100.32315608899746,100.0,104.3754647178589,102.02977658521276,102.42201843762956
2018-04-17,101.03201669726889,102.34888165001776,100.34582156492966,100.0,104.39464288577224,102.06237137411384,102.42832141432564
2018-04-18,101.00404132837366,102.36115865453276,100.32947571262174,100.0,104.43662842613102,102.04602797387264,102.51656739417542
2018-04-19,101.01660336104013,102.42728531419816,100.33360653438834,100.0,104.36173778454751,102.03526844966116,102.51656739417542
2018-04-20,100.99277568866032,102.42422538128768,100.3224816322904,100.0,104.40915644582287,102.00563389755514,102.51656739417542
2018-04-23,100.97839630880956,102.4440001548106,100.35426243948667,100.0,104.37846834603477,102.06477988860924,102.47550823376532
2018-04-24,100.97049787600407,102.43202650332432,100.35034428410344,100.0,104.33720503036103,101.941605248884,102.45507257583652
2018-04-25,100.95190807712083,102.45279091001022,100.34173835924618,100.0,104.2810528311423,101.93548460576972,102.45507257583652
2018-04-26,100.97344391808014,102.43380955467153,100.34143762860856,100.0,104.3011828461356,101.9492945287586,102.45507257583652
2018-04-27,100.98300561759788,102.4248347389747,100.29504359387514,100.0,104.38327034722998,102.01125473945524,102.50196577091776
2018-05-01,100.92385451889643,102.4248347389747,100.29504359387514,100.0,104.38327034722998,102.01418287557196,102.50196577091776
2018-05-02,100.9218553432044,102.42724140793553,100.37636374894544,100.0,104.25711299199408,102.01548300411017,102.4979602205343
2018-05-07,100.82167836335792,102.43204269813832,100.45719536116408,100.0,103.98764671854688,102.06824362365047,102.39787819463308
2018-05-08,100.79769775769482,102.42862959487368,100.466821784898,100.0,104.1929410053404,102.0883168685205,102.40996187830832
2018-05-09,100.74404195338656,102.4318330356429,100.4577611422356,100.0,104.23473109187496,102.06290916854768,102.43692450688908
2018-05-10,100.69914085499254,102.42614870183768,100.36644738547818,100.0,104.39192813425868,102.07134614132995,102.43692450688908
2018-05-11,100.6855657886006,102.42663412292572,100.39332114960465,100.0,104.34558090670949,102.06312453330982,102.43692450688908
2018-05-14,100.6578367548412,102.3884959447545,100.44805421435106,100.0,104.28534721959602,102.06080194764682,102.43692450688908
2018-05-15,100.56024386530238,102.389611312836,100.47000629485794,100.0,104.2824509300139,102.086187705549,102.45617834564786
2018-05-16,100.54155887242202,102.39082949951532,100.4910034748661,100.0,104.3475664847282,102.18991526485006,102.47005185772151
2018-05-17,100.54371588428872,102.4154088936049,100.45765603772008,100.0,103.79704017142232,102.15870790564882,102.41864534300926
2018-05-18,100.58577016411606,102.42516374584145,100.51962874694748,100.0,103.7804347494083,102.22168813195104,102.40870965978684
2018-05-21,100.58321013153764,102.46404594369498,100.43263370842716,100.0,103.86310577560276,102.213057157274,102.40870965978684
2018-05-22,100.60669640100038,102.46231101446158,100.4381433892914,100.0,103.90875293030426,102.23632597670766,102.40486178384909
2018-05-23,100.6035134938473,102.44349077932443,100.41879347401856,100.0,103.82737394497876,102.2638230028152,102.40486178384909
2018-05-24,100.63284539959965,102.43360053963684,100.44307297848484,100.0,103.68690162865455,102.31940952298947,102.39810032390486
2018-05-25,100.57141794224724,102.38752393766656,100.41927068434104,100.0,103.64847948955284,102.26886484630428,102.37069717408524
2018-05-29,100.22319257412076,102.2514220807643,100.57432622260178,100.0,103.4032215810774,102.28933751291132,102.37069717408524
2018-05-31,100.3219365309105,102.32134467054476,100.61240960058424,100.0,103.4032215810774,102.31209596754654,102.37069717408524
2018-06-01,100.37126461936332,102.34488985863663,100.63420076288256,100.0,103.45890771999106,102.25779097396033,102.4423193727464
2018-06-04,100.38719642786,102.35307870194454,100.65876219284353,100.0,103.5567403111176,102.28190438081126,102.42462691171824
2018-06-05,100.33813823214052,102.34335269743777,100.68717608520514,100.0,102.98970206881326,102.279498174146,102.42735046765245
2018-06-06,100.36846131355628,102.38212308301678,100.6326491834942,100.0,102.82243390099153,102.3443984527237,102.42735046765245
2018-06-08,100.30383001659264,102.4212968990794,100.71227172926216,100.0,103.12069195685612,102.36109728446044,102.4597623831744
2018-06-11,100.3614758936408,102.4403921700708,100.75916082867616,100.0,103.0451502196698,102.3448714699496,102.4497239656286
2018-06-12,100.36923473881907,102.45111127832662,100.78045032419338,100.0,103.0153200754728,102.34974699820688,102.4485213016985
2018-06-13,100.36862814897025,102.4557459646485,100.79604003227765,100.0,103.05515792895156,102.3537787243664,102.48157805207066
2018-06-14,100.41281387713263,102.5648919230714,100.84024602469228,100.0,103.27696519932448,102.33827013050862,102.47362095349584
2018-06-15,100.413444706137,102.54191095906096,100.85298386623732,100.0,103.23546817481372,102.33387040901714,102.4974762057454
2018-06-18,100.41645293715014,102.54452047636364,100.8221314615713,100.0,103.26188976269556,102.34935498378428,102.4974762057454
2018-06-19,100.38749318130787,102.52153339283166,100.7842408561266,100.0,103.28037614616991,102.35781445199666,102.4974762057454
2018-06-20,100.49909604142412,102.53683664656354,100.71771387625898,100.0,103.38420301843888,102.40428861150714,102.57372860973486
2018-06-21,100.50009768875807,102.52950284745184,100.7178147306294,100.0,103.45495284582378,102.37747713621002,102.58242557503564
2018-06-22,100.47711042268392,102.54925534510528,100.62613767192876,100.0,103.41289580427566,102.39094622837112,102.58242557503564
2018-06-25,100.45881668059718,102.53308054678956,100.65707655857072,100.0,103.44150922727977,102.39115323990296,102.54043894568584
2018-06-26,100.4662246352132,102.56466125279738,100.61529991196193,100.0,103.3980698868716,102.38154257681144,102.51739388501224
2018-06-27,100.4417977160268,102.5509741903426,100.67095666242324,100.0,103.6442579471004,102.4233871033086,102.51739388501224
2018-06-28,100.46757744262553,102.55690564023624,100.5749806865116,100.0,103.68844351892048,102.39936874148708,102.53519882709804
2018-06-29,100.51435522546387,102.55790705276418,100.60757780337678,100.0,103.69027268496194,102.43582213306104,102.47717416333175
2018-07-02,100.54694078350416,102.54046938165982,100.67899772934558,100.0,103.70567420156378,102.43724624936915,102.41939046145204
2018-07-03,100.57077884276212,102.56716810205673,100.6847922489113,100.0,103.76739897230874,102.44176626013191,102.41939046145204
2018-07-05,100.62575559233343,102.5991691744486,100.67965760987832,100.0,103.79278747624876,102.43379157484584,102.28443171657752
2018-07-06,100.60442077428304,102.60028253583856,100.75531630409311,100.0,103.82054193383176,102.44822377447318,102.19047245085594
2018-07-09,100.65117788483543,102.60080796610194,100.7056363043512,100.0,103.82054193383176,102.4731798376654,102.27327529313628
2018-07-10,100.68014929271725,102.59997382590642,100.75460314552257,100.0,103.80477264149415,102.48021984491554,102.29778423091967
2018-07-11,100.69871216529758,102.59595993393108,100.75448440465048,100.0,103.84948460481375,102.4873659880502,102.29778423091967
2018-07-12,100.72182539339076,102.59553964894108,100.76866565058754,100.0,103.87988629478586,102.48535619543226,102.29778423091967
2018-07-13,100.72266833670334,102.60462065175945,100.81337876210792,100.0,103.7529245275896,102.49296478745688,102.29778423091967
2018-07-16,100.76705931992348,102.60380290522104,100.83256654965868,100.0,103.82611387265422,102.46518544025534,102.29778423091967
2018-07-17,100.79626056768872,102.59738397152547,100.76372421839636,100.0,103.79199323198314,102.47564810057706,102.29778423091967
2018-07-18,100.78623734709812,102.59704841799346,100.77461791035438,100.0,103.82662162358314,102.49815596722628,102.29778423091967
2018-07-19,100.79807186293664,102.59071717604436,100.7692226033262,100.0,103.7819303550872,102.52220636798238,102.29778423091967
2018-07-20,100.80296044610836,102.59295117987182,100.74925890577016,100.0,103.83540700799558,102.51911289297348,102.2680932853666
2018-07-24,100.78707687479242,102.59354194606318,100.6672811643298,100.0,103.82002409222216,102.53736378306796,102.24267495927984
2018-07-25,100.76834918860378,102.59413375792614,100.65005995155674,100.0,103.80489714124916,102.52355254946428,102.24267495927984
2018-07-27,100.720993945847,102.59323716253724,100.65005995155674,100.0,103.80335760964844,102.54260202749327,102.24361294028196
2018-07-31,100.73002819519876,102.566748797351,100.6616185307912,100.0,103.91059058557394,102.54064432156312,102.18909959432736
2018-08-01,100.68824274718972,102.5683425298162,100.64139454989468,100.0,103.93441012169228,102.70166325014134,102.20057520680896
2018-08-02,100.67154598459646,102.58134503356342,100.4658986658944,100.0,103.93384673249908,102.70818041622668,102.15796399500734
2018-08-06,100.6732571550659,102.56558897401996,100.47642037049783,100.0,103.98305627447093,102.69333216766265,101.86885765761564
2018-08-09,100.66552438775538,102.55910315510596,100.44492427870856,100.0,104.13734620218584,102.70207486714018,101.86885765761564
2018-08-10,100.7508979120638,102.56613772936645,100.4596711795887,100.0,104.24864038845088,102.7056692868399,102.15603309843904
2018-08-13,100.706426456555,102.57345362341,100.45334868262287,100.0,104.26701196873292,102.71127689142378,102.22133597800745
2018-08-15,100.62046858649838,102.59519824344932,100.42968393454052,100.0,104.29095049079356,102.68656823157518,102.22133597800745
2018-08-17,100.58260689525903,102.59601815053996,100.44950375948464,100.0106932084114,104.30295535647956,102.61850627308444,102.21836888158084
2018-08-27,100.36414649522752,102.58757183564762,100.45407371588684,100.07044717451126,104.54566901044753,102.6815511604482,102.449879871223
2018-08-28,100.30593836620749,102.58514534726876,100.45240033573604,100.08896058462572,104.61696874986484,102.66539050322008,102.41583084442748
2018-08-29,100.27493161133584,102.5752305176141,100.442373898905,100.11961216953826,104.59639672044808,102.67192894031912,102.41583084442748
2018-08-30,100.3301010859034,102.57306224688313,100.42171726044631,100.15753854241176,104.6234391852661,102.60388922202588,102.40361295333504
2018-08-31,100.35958276010032,102.58398248948944,100.44730619771744,100.16436177751282,104.5831203328012,102.58835250779394,102.41106412198477
2018-09-04,100.38052197999323,102.58919506646411,100.36027599099128,100.16972102996272,104.6577820412728,102.4020224958701,102.41106412198477
2018-09-05,100.3436555437988,102.57359395073348,100.4034697219665,100.28015212929688,104.6738445359664,102.4323408928892,102.43872296179372
2018-09-06,100.32239869810586,102.58792916123129,100.39205550350344,100.23078697474142,104.62761409156742,102.42749501219586,102.4761278118752
2018-09-07,100.27549682624162,102.57596436344956,100.2639615883925,100.23021729178753,104.62761409156742,102.56352009730968,102.47445608091516
2018-09-10,100.272079630592,102.5860121324259,100.24860471661992,100.251881022318,104.66564262383322,102.52295594850442,102.55014671416458
2018-09-11,100.28575592462808,102.59219942151292,100.2335954647249,100.19785793598766,104.68753754612308,102.5309612790824,102.55908683849027
2018-09-12,100.30321313337878,102.60017940700192,100.26155868456264,100.15279907984868,104.75844951625308,102.46949799726848,102.57106186433536
2018-09-13,100.33238364835329,102.5766520356468,100.3074847436168,100.12018143683132,104.75147607394018,102.46949799726848,102.58231871595495
2018-09-14,100.34856157292651,102.57194669582164,100.28015083456988,100.04677892988268,104.7594715974271,102.45933469939024,102.59727449471208
2018-09-18,100.40038232260318,102.54686565033728,100.25501709775573,100.04677892988268,104.78961228271756,102.44815570111658,102.61344708161393
2018-09-19,100.42895116030436,102.53416015468994,100.27336482625184,100.04677892988268,104.77546329752144,102.5015544860984,102.6160769951757
2018-09-20,100.44827025188742,102.51011626930516,100.28333279378134,100.03914924890564,104.74306720952676,102.4972911079528,102.6160769951757
2018-09-21,100.44203995099404,102.516925070921,100.24997643503936,100.02741331830352,104.73726067244498,102.52445162268783,102.6160769951757
2018-09-26,100.4477128656506,102.46844003247853,100.32147201502578,99.92110314257351,104.91306970133316,102.4882356751443,102.6160769951757
2018-10-01,100.54714664646104,102.47643728727252,100.34499834531512,100.10609036688363,104.85227219391652,102.49345960095248,102.6160769951757
2018-10-02,100.56490231274272,102.52284238688192,100.34001750797157,100.11451750674216,104.8952445649074,102.49345960095248,102.6160769951757
2018-10-03,100.6595946314906,102.49169150851807,100.3278625312592,100.10365942992728,104.92747979948504,102.41025770690038,102.6160769951757
2018-10-04,100.71487720124976,102.46558202167836,100.27319921735018,100.00310637020311,105.03317415749004,102.31810400028124,102.6160769951757
2018-10-05,100.73605076538767,102.48587216569364,100.20935518665785,99.89235876655684,105.09869790062248,102.45473437075384,102.6160769951757
2018-10-09,100.74317836706052,102.48177653319148,100.21408145492,99.99012509373765,105.0992284354976,102.46152772819994,102.5650456011171
2018-10-10,100.66971484462826,102.45944539447542,100.20963472608678,99.9533066383729,105.1223389814365,102.54717596995911,102.5650456011171
2018-10-11,100.70378197670436,102.47318751193704,100.1927517545403,99.9053781502258,105.11120669686112,102.62912219553871,102.5385907303388
2018-10-12,100.75406532517728,102.49555765118686,100.25307964895494,99.91422403912016,105.11120669686112,102.66650664726646,102.54241224575944
2018-10-15,100.7522283947431,102.51676831125285,100.27744455518288,99.91422403912016,105.0917882536884,102.8632464397378,102.54241224575944
2018-10-16,100.76791199673072,102.53560865276006,100.30377796833498,99.91422403912016,105.09970472772052,102.92121961256912,102.55030807473604
2018-10-17,100.83958139986416,102.55730410804505,100.26924554950028,100.0209435006961,105.0811996155692,102.87416668147212,102.56134167667004
2018-10-18,100.87630507269272,102.56118794467044,100.24370135182848,100.05382952561814,105.0942832830526,102.87416668147212,102.56134167667004
2018-10-19,100.9252148801431,102.57688507148386,100.23829713085388,100.15174414667032,105.09529902719584,102.87656438175723,102.56134167667004
2018-10-22,100.94004076528498,102.5897309318647,100.2989039377986,100.13610796179182,105.06768279000596,102.87740564519932,102.54310646276514
2018-10-23,100.89026003237592,102.59360198089664,100.27977446801104,100.15191015761576,105.08575929842982,102.89881297532408,102.54310646276514
2018-10-24,100.78191880730591,102.58930761002873,100.30083166899672,100.20411267418314,105.07769501433695,102.9317502834227,102.54310646276514
2018-10-25,100.84935219939295,102.602371984391,100.30451501108509,100.20411267418314,105.09586097261705,102.92233789083132,102.54310646276514
2018-10-26,100.82557983555404,102.57613084355496,100.34467837907768,100.20411267418314,105.03673719037536,102.9322291982296,102.54310646276514
2018-10-29,100.83399077429358,102.5950135812798,100.37904529015653,100.2372461475989,105.12896177843596,102.94282500119178,102.54310646276514
2018-10-30,100.88724542830778,102.5928154797217,100.43882506971067,100.27277489067744,105.11113622101,102.9592425872892,102.49050922923352
2018-10-31,100.90396484293277,102.59254707624106,100.43507313054484,100.32367037938204,105.1130265963624,102.96464138216214,102.47101331664304
2018-11-02,100.96741620526456,102.57983028350654,100.43507313054484,100.32367037938204,105.1130265963624,103.01696918410774,102.47101331664304
2018-11-05,100.96887878754754,102.60409349502038,100.44560261437354,100.2788500982414,105.10629231404532,103.0321405310369,102.49063425158688
2018-11-06,100.99722295075308,102.6115420675048,100.45428525029014,100.27929956327522,105.11902917286946,103.02487540579637,102.49063425158688
2018-11-07,101.01224248837164,102.62061704144205,100.3760795211297,100.26892253540774,105.09765368510028,103.02487540579637,102.49063425158688
2018-11-08,101.02360016843365,102.6007148997921,100.3731431591525,100.2160596039471,105.09641927706548,103.03523483075838,102.49063425158688
2018-11-09,101.00744305400198,102.60108463012564,100.42006949433949,100.23574427631156,105.09951161774012,103.07444553963924,102.51953298125342
2018-11-13,100.99057155889136,102.59520783594216,100.40211264823164,100.2797380355236,105.08971070251869,103.14123347371576,102.51953298125342
2018-11-14,100.98693512972984,102.6021563200147,100.43719403143244,100.32231709000668,105.08393427706024,103.17643293435476,102.51953298125342
2018-11-15,100.96915130312188,102.57211228750498,100.43345551958842,100.47493551631332,105.08393427706024,103.17963497325782,102.51953298125342
2018-11-16,100.98659977975306,102.58359559703084,100.40591066057054,100.46475188683868,105.07781476224012,103.17861780493024,102.51953298125342
2018-11-19,100.9690011637973,102.59037818564148,100.40591066057054,100.57604958645656,105.07077197365126,103.20605605290947,102.593426249408
2018-11-20,100.98870935089975,102.59351505758194,100.40298521362055,100.59019282732682,105.07077197365126,103.20670616172272,102.593426249408
2018-11-21,100.98280187170236,102.59056945848526,100.40449762400904,100.58437186947886,105.05393196094698,103.20670616172272,102.593426249408
2018-11-23,100.95508296560504,102.58439479398368,100.4745648678626,100.61375035815324,105.06348795171392,103.20385793699472,102.58023361637068
2018-11-26,100.9545957258564,102.59627499096572,100.43624430856792,100.65569126309526,105.08632947793114,103.20916431818588,102.58023361637068
2018-11-27,100.9390419753093,102.58297845733595,100.45053877806458,100.68247633511128,105.08529956367693,103.2100653634462,102.58023361637068
2018-11-28,100.89607154333966,102.58465136925015,100.48970670218844,100.65857550674416,105.09538388289418,103.20965182392396,102.58221137204472
2018-11-29,100.84867602984092,102.55643824936573,100.50074015384908,100.65394402544618,105.084384003916,103.2102207305522,102.57566237710812
2018-11-30,100.83836975431272,102.54164280258662,100.50927816480906,100.66524510365804,105.09149288910967,103.21150290877578,102.57566237710812
2018-12-03,100.82767209735812,102.54320812886397,100.47240829926533,100.694445431582,105.08832328100816,103.22211455462543,102.57566237710812
2018-12-04,100.78611629667888,102.51137788310396,100.4585006119448,100.77334633781156,105.11150170990751,103.20277788994925,102.56712336280005
2018-12-06,100.68746015467698,102.50641521863264,100.41381617807188,100.76151057831694,105.1030961065794,103.4504234278085,102.56712336280005
2018-12-07,100.5964901871837,102.5237406096066,100.43098184581989,100.75964790504948,105.11227471193936,103.42822966216636,102.56712336280005
2018-12-10,100.56492080596972,102.51418656220766,100.43937128082392,100.67330626891795,105.09104191679168,103.371435413602,102.56712336280005
2018-12-11,100.64513683084148,102.4997102322327,100.4502898487831,100.65794373873844,105.09308079685012,103.3680386575193,102.56712336280005
2018-12-12,100.70749060930255,102.4989105489164,100.4502898487831,100.62422701541269,105.102877024467,103.4369279618313,102.59292493818066
2018-12-14,100.61199174625423,102.48710774878518,100.4502898487831,100.76226936751296,105.0890172752422,103.37130657890305,102.59292493818066
2018-12-17,100.49162389658674,102.48567198208494,100.4502898487831,100.8164036861169,105.08828849167094,103.36041362272135,102.59292493818066
2018-12-18,100.36097039179931,102.47100871034392,100.4502898487831,100.861309144683,105.08871916246596,103.36979348945728,102.59292493818066
2018-12-19,100.38515023700086,102.46185779185105,100.4502898487831,100.8364982223476,105.07278619470657,103.38234965386827,102.52092398225172
2018-12-28,100.14946347214476,102.39324103319528,100.69813321861773,101.0020984831682,105.06141170300272,103.4805065888316,102.52092398225172
2019-01-04,100.0864148726106,102.40352691625256,100.69012261786057,101.06289592497356,105.08426421889216,103.63503250465772,102.5540088842772
2019-01-07,100.15134026166392,102.41692645203844,100.75068710382644,101.0232044387024,105.07525642602572,103.6198142544894,102.67472622917386
2019-01-08,100.26055883494722,102.44975567740092,100.7896768228282,101.06317483608665,105.06929986666982,103.64192502740693,102.7411983153971
2019-01-09,100.19688778994788,102.50538956286572,100.80186561737376,101.03525245087188,105.10403623017982,103.62792063842568,102.74371100058916
2019-01-10,100.25747671283042,102.54900226775077,100.75754367026282,100.93242789980886,105.0577387591784,103.62394461809436,102.6826172912853
2019-01-11,100.23295311473824,102.5538613024195,100.80415922578835,100.94609745589057,105.0944854418228,103.61802904323612,102.69323405868889
2019-01-14,100.2205548806482,102.52561747605536,100.80415922578835,100.94953717309184,105.0864477339322,103.6072396085537,102.69323405868889
2019-01-15,100.21655056758172,102.49776745578652,100.78438797011655,100.9219897652266,105.0940986314724,103.62429095208093,102.67514259619726
2019-01-16,100.19456858411742,102.52858857752874,100.77418022355138,100.92510618468653,105.0896401945174,103.57428120493906,102.659004009913
2019-01-17,100.21873954762508,102.5332834979632,100.79727000744532,100.93492844094374,105.09910557458882,103.61179581539152,102.60672219960976
2019-01-18,100.312072198871,102.5735506133342,100.80709553791688,100.88048422786323,105.12556632045498,103.58033048544388,102.60672219960976
2019-01-22,100.23564832787714,102.61096069128028,100.7944282526266,100.92829893129698,105.1204545737104,103.59557749812144,102.6186784496411
2019-01-24,100.22021493459906,102.7807777445696,100.75716803496566,101.02797593356443,105.13751064317545,103.55394338961064,102.61861462388828
2019-01-25,100.27981535923816,102.77067094216802,100.73886665145974,101.04269323057522,105.13751064317545,103.56960572200458,102.64875581693808
2019-01-28,100.25148006446184,102.76926495787436,100.7411286178886,101.06253598896906,105.13545305055791,103.5956368156502,102.64875581693808
2019-01-29,100.25629823627273,102.7919370202949,100.72298704150909,101.14431976548188,105.1256690231004,103.60941448416926,102.59223018000596
2019-01-30,100.16331341707144,102.81532484505446,100.7315769539959,101.12474833002015,105.1312859084264,103.65646532059574,102.59219590823004
2019-01-31,100.06261219569548,102.8678651437072,100.72144566470504,101.29279518699026,105.11853537967583,103.65264657645734,102.6118150583786
2019-02-01,100.10083823181996,102.80865345231022,100.72728779222486,101.15010207941756,105.11756580432753,103.75585522102192,102.60762247253471
2019-02-05,100.1412859119809,102.80421157770952,100.709994216808,101.12877941874277,105.1149046969722,103.78208689133774,102.60762247253471
2019-02-06,100.1482995868048,102.81091800528162,100.72172903860717,101.21496727759973,105.12474360519658,103.75989143941442,102.60762247253471
2019-02-08,100.07896317393924,102.90186883498184,100.68008875866197,101.2236578788558,105.11892231345703,103.61258760902838,102.60762247253471
2019-02-12,100.11881774768284,102.88556821750949,100.66359437452536,101.1275205829773,105.10366825638653,103.5848665263789,102.6384574789287
2019-02-13,100.15464305709602,102.8715674557788,100.64478476224096,101.09233347052036,105.11164158720013,103.52755950979838,102.65647774028064
2019-02-14,100.09745114047416,102.85455180311554,100.62800747665028,101.09073241718517,105.1238733741991,103.5263400402174,102.75292700867448
2019-02-15,100.1176590662606,102.85199373313084,100.61274835762065,101.08105171624678,105.12052777840834,103.49980304614752,102.71823759343675
2019-02-20,100.08074075158424,102.87680958918462,100.6165433929326,101.13685589542534,105.0948181462245,103.52840573478662,102.7493187255814
2019-02-21,100.12339483871764,102.85565980956125,100.60990400573016,101.10711219303847,105.1005681667299,103.51049007728462,102.73935216919624
2019-02-25,100.07588840688504,102.87287099971918,100.5626926088303,101.06946357466124,105.11077993445976,103.50712453665838,102.6726656588352
2019-02-28,100.12072382218297,102.83504274381627,100.54583496133588,101.0963680176526,105.21477296392806,103.66252189994538,102.6488042904958
2019-03-01,100.17036671841444,102.81722273512308,100.53290986615964,101.1139048175926,105.23842713746824,103.77111295210057,102.71740830506856
2019-03-05,100.17046801055776,102.81832765085524,100.57545938459032,101.05801607518696,105.23842713746824,103.824285101743,102.70821873969922
2019-03-06,100.14551622846056,102.83924113048934,100.585734089537,101.19642114587582,105.22068449030988,103.81603550300616,102.7390295623793
2019-03-07,100.09069962024287,102.8886339933824,100.5213404098984,101.29473670615192,105.24447228272987,103.8659977895298,102.73040070110378
2019-03-11,100.0828209229716,102.8704698343911,100.60534559233332,101.28227750748636,105.22098458306805,103.97042534961084,102.73040070110378
2019-03-12,100.03201721138446,102.8666578869706,100.60014969790991,101.22365033987926,105.21274734481496,103.9792123409788,102.71903791277175
2019-03-13,100.02936836650638,102.87003212755046,100.5797632222853,101.21960891208946,105.19974068419916,103.94511970460852,102.73487271306745
2019-03-14,100.01040075127104,102.8620359189852,100.5337015474041,101.20784963669058,105.19448828118986,104.01661701818006,102.6845848818002
2019-03-15,99.97779606154889,102.86548853483444,100.56107203207836,101.2186956677644,105.2164557888036,104.0735064001157,102.68672929336174
2019-03-18,99.98676403452755,102.86749918556812,100.56107203207836,101.18763390634544,105.21527214912793,104.05885219670674,102.69722698578684
2019-03-19,99.99363463204814,102.86093148118584,100.553153516464,101.1671115856613,105.21453352434816,104.07080230669756,102.69722698578684
2019-03-27,99.57890272287656,102.9680931478922,100.74274277474171,101.35602069550824,105.01935468126813,104.13469948230752,102.58852132075548
2019-04-01,99.60072058665268,102.9731258397412,100.6904010303262,101.39448645419458,105.09815131904917,104.22746125124873,102.64908255147706
2019-04-05,99.64399244898232,102.98501293027698,100.73397355321244,101.50604862543236,105.1245567486171,104.243299090253,102.64908255147706
2019-04-10,99.64783997565448,102.94020201773937,100.68113184764924,101.46342227608024,105.10266775518372,104.23802273738372,102.7531845913202
2019-04-12,99.66763473394552,102.99687264918906,100.78435796416416,101.40504189965418,105.16953883121222,104.22277516115749,102.7531845913202
2019-04-17,99.6362950630713,103.0104752173982,100.71500663289052,101.42044510556325,105.1599210919194,104.23200168056306,102.50648454268172
2019-04-24,99.6030716275467,103.02452427663778,100.61378802450724,101.412944517421,105.18033020512176,104.30516610280134,102.43022848714044
2019-04-25,99.60423609144176,103.03585255157704,100.63138628467424,101.41210664234954,105.20806571713584,104.32150966783722,102.49995463981934
2019-04-26,99.59016053800718,103.0463742393628,100.64044845669515,101.40159036717758,105.14769114591024,104.33113006965836,102.55679679238996
2019-05-03,99.68159887411834,103.00728156538943,100.6883150004218,101.32993656599103,105.15981545525632,104.33040147733765,102.55679679238996
2019-05-06,99.69737140584928,102.99826208048536,100.68013978336442,101.33334067194156,105.12632492528158,104.3526211130777,102.67531891454296
2019-05-07,99.70134416915684,103.00218782771516,100.70216315139012,101.31257336079118,105.13510306131558,104.37803031268048,102.71611087129617
2019-05-08,99.71196766493752,102.99801987702092,100.70115157732693,101.34895037863345,105.14769418450588,104.36167252889172,102.79805009969192
2019-05-09,99.7261096907176,102.99177880210156,100.69522787458916,101.34929103163464,105.14922766837094,104.30277867705836,102.82744797620884
2019-05-10,99.74501388590768,102.9959792479682,100.66900762787898,101.35511650605284,105.15673831727604,104.31098049145558,102.82482457305068
2019-05-13,99.72111337290768,102.9864710696905,100.68139843844826,101.36990769497088,105.16971708550658,104.27263373504296,102.82482457305068
2019-05-14,99.76049412611565,102.95487418961736,100.70428799550984,101.36619644860724,105.1733807234448,104.25071716297457,102.82482457305068
2019-05-15,99.67549674144574,102.92595553836344,100.7167331031524,101.37892071751752,105.219206738889,104.27366717693556,102.82576798055014
2019-05-16,99.71128302860804,102.91511435039251,100.68939794626364,101.3753958851044,105.24241679116182,104.244684105273,102.83057749917177
2019-05-17,99.67277144501286,102.86660516217388,100.69012577014732,101.36195464970504,105.2266382999336,104.25056718386207,102.82193071869624
2019-05-20,99.7381754095898,102.86431098182376,100.68953361791256,101.41035922669457,105.20674226430133,104.28635206602306,102.75748037662898
2019-05-21,99.65710579534752,102.88348959303336,100.68389881345608,101.39991396068372,105.22162388109577,104.33943185740348,102.76132745818188
2019-05-22,99.6572299243004,102.87792931289768,100.6991889051702,101.40872888449124,105.2387743279188,104.3286845351716,102.73785489522268
2019-05-23,99.65990357594583,102.8578953483199,100.68727407380952,101.41985072448972,105.23581809498,104.35308669411889,102.78428939009348
2019-05-24,99.63823677380392,102.86389935222122,100.69368964489075,101.45091572980418,105.265662905685,104.36351933289905,102.78428939009348
2019-05-27,99.64886491560212,102.85705850053373,100.67958363080896,101.58446279721144,105.21656617613854,104.359588082275,102.67934207654716
2019-05-28,99.64854556474386,102.85422220761846,100.72515189208542,101.8025762248142,105.23108258773492,104.38960467904155,102.69460720531372
2019-05-29,99.62930595309253,102.84860962398366,100.70345367321076,101.87345519988604,105.21793420604786,104.38850582732633,102.70230972225424
2019-05-30,99.51603461169378,102.83995413878355,100.67647443110776,101.83611018959756,105.27583469409556,104.3810432152258,102.71060675452408
2019-05-31,99.48369272970524,102.80467223487636,100.55103218151882,101.84830233984664,105.3923601550152,104.41096514691844,102.68289648004624
2019-06-03,99.76456415458944,102.795399760933,100.53573863066724,101.84618985752812,105.44676226698004,104.38312918884488,102.7272293455695
2019-06-04,99.727009625976,102.7835337554588,100.59650803574938,101.84101157156628,105.51098281719815,104.37966174513748,102.75177451150624
2019-06-05,99.743244920683,102.72028217660136,100.54062569376627,101.88150199881096,105.52275354114876,104.37966174513748,102.77775839283792
2019-06-06,99.75340393087414,102.74170715482316,100.47283705579603,101.8618231561612,105.53004078005306,104.45129015300864,102.82012798443424
2019-06-07,99.72715714213098,102.7217764466636,100.55904832308276,101.9147787495035,105.30619791493784,104.46278822321676,102.82012798443424
2019-06-10,99.80372085045684,102.73384344774186,100.81703705201552,102.39231120007062,105.38835441428716,104.5067516474776,102.82012798443424
2019-06-11,99.81730575876529,102.7316738187332,100.8596513427518,102.4084396075854,105.3874833683191,104.50525027681704,102.76237256414169
2019-06-12,99.85998782242864,102.68299955068376,100.81757359419252,102.36929325165714,105.38096615616796,104.51199363087068,102.76607585835336
2019-06-13,99.75334370408969,102.69135634756282,100.8013256231152,102.3261973542152,105.89154486929792,104.51608309172391,102.83003685327212
2019-06-14,99.8009661979012,102.66668323293683,100.7991394128557,102.31239364718652,106.04117403215668,104.48547418076105,102.88495962499007
2019-06-17,99.85335092683223,102.67618031587074,100.80769558569811,102.3050542410897,105.9925055483705,104.47814300340208,102.98046825182672
2019-06-18,99.9465409830613,102.63173134767318,100.8118854575386,102.31940432124232,106.00808133726672,104.50962610600008,103.02121440365902
2019-06-19,99.5591575213668,102.65174611141592,100.79818170766968,102.31155077648872,106.0756806096058,104.5008147748074,103.05524427470571
2019-06-20,99.57308042818104,102.68157190831673,100.7870299834343,102.32979296529103,106.0756806096058,104.44916949080653,103.14533177328254
2019-06-21,99.6187729309664,102.71799395882736,100.83379713613444,102.3033068733962,105.78271177546723,104.46348897012288,103.45134762580734
2019-06-24,99.5606353398712,102.70273836512374,100.83098946742366,102.30719477074986,105.8263832950812,104.47966074472096,103.45134762580734
2019-06-25,99.58993059489656,102.70516250659948,100.82499113993836,102.2925645227225,105.77977309802434,104.47494501808166,103.45134762580734
2019-06-26,99.70531742547185,102.7161322110765,100.82571207705008,102.25138958763203,105.71050494140108,104.47611853415088,103.45134762580734
2019-06-27,99.68979325556997,102.70559995630902,100.83350223586822,102.272002859613,105.79384058587787,104.45494163325536,103.31156660508202
2019-06-28,99.76241205783612,102.6747715992854,100.80542425694574,102.28912877725573,105.75097134195552,104.42037496800674,103.36359455327248
2019-07-01,99.90965388303304,102.6575949835935,100.8067093072848,102.29025377333556,105.77194234801884,104.42238166592492,103.41781988948608
2019-07-02,99.83196877551433,102.64254793408276,100.84928877020192,102.31481373686508,105.8220460664372,104.42489039050568,103.49936068608788
2019-07-03,99.83771203163292,102.62639450295832,100.84779065326464,102.36583317213103,105.87512584956607,104.40534083688462,103.5136304060744
2019-07-04,99.81405164779022,102.64832085730028,100.84779065326464,102.36011392049144,105.70850664199082,104.40002891122693,103.5136304060744
2019-07-05,100.0015635602126,102.64758129215498,100.87500766348104,102.35173708299374,105.68054367592391,104.37034748385445,103.5136304060744
2019-07-08,100.08097273851044,102.64557191125836,100.8690335810171,102.3671074556483,105.655706269096,104.42206872958468,103.4537310505215
2019-07-09,100.05389551254432,102.64495281450137,100.87122894746534,102.36679073055386,105.655706269096,104.4251424755598,103.47565225463524
2019-07-10,100.12163117452576,102.61830856149632,100.8923303035559,102.37278418101974,105.58318920151028,104.3790535943899,103.46502346357396
2019-07-11,100.19098873333654,102.6310507571368,100.94642785146542,102.3744499208968,105.58318920151028,104.40211578416807,103.46502346357396
2019-07-12,100.20479884403257,102.61247502101509,100.97103689820344,102.39754472303264,105.59919951463756,104.411578061612,103.46502346357396
2019-07-15,100.23928960600335,102.54886675001018,100.9872603896336,102.46271686426422,105.62016208592748,104.446640306528,103.41497493881496
2019-07-16,100.21528205435251,102.54786469769472,101.00706011540414,102.46271686426422,105.62974185571464,104.41235180414388,103.4356301662932
2019-07-17,100.2035425820012,102.52090874313411,101.03279887683756,102.49089635774652,105.55697006805848,104.42918527866767,103.45342165943468
2019-07-18,100.41341814302022,102.49911944144374,101.10227273083032,102.48437592372844,105.51565720931724,104.4085660083641,103.45385891690992
2019-07-19,100.33135240423748,102.4398459039319,101.24000289767348,102.49577457503732,105.60359703377988,104.43906758435752,103.4683230125272
2019-07-22,100.339166024167,102.4474715200408,101.21912147927222,102.50783069751368,105.58246610285468,104.4066678588885,103.4683230125272
2019-07-23,100.36561456357104,102.43509551289998,101.18050689583076,102.50309857099298,105.5502491756038,104.37435225040169,103.48312170055296
2019-07-24,100.37843863608174,102.4178596900136,101.1450497299504,102.5050828926776,105.5830846904733,104.4180647682254,103.4925597315362
2019-07-25,100.3841026186007,102.438424410654,101.10353358038137,102.52319731060376,105.64218280374295,104.42963281554653,103.49487841446356
2019-07-26,100.4034653811499,102.49520019230287,101.10474489600232,102.55977199122788,105.60551559119568,104.41801620066084,103.45302709967122
2019-07-29,100.46448762667688,102.50384972330863,101.1097446022908,102.5323709337667,105.66931564386417,104.4116012113691,103.48607078621684
2019-07-30,100.51341404504316,102.49694059301191,101.12419081393926,102.49698557099909,105.71148681461943,104.48014117679809,103.48607078621684
2019-07-31,100.38280016646269,102.50777420608448,101.1735873539559,102.55906219093546,105.80626934483068,104.46917520854151,103.51953547078614
2019-08-01,100.5680116661286,102.48754164145132,101.14198592293168,102.58046770736374,105.79224260877696,104.45023822943918,103.50614317399808
2019-08-02,100.54135599836724,102.4534778376004,101.14585950547408,102.63133862773935,105.77702227825633,104.49353954518575,103.5070731303427
2019-08-05,100.37294142508952,102.42740471837652,101.2002700643415,102.6803979671472,105.9969523073888,104.48660496584868,103.4861986759864
2019-08-06,100.4098199052684,102.41761804851856,101.16432559339904,102.67057910568712,105.81936209921558,104.48324805194588,103.50795776617146
2019-08-07,100.35545891954824,102.37179105442404,100.9018401634266,102.67500966947584,105.9261229405864,104.40796895791628,103.50350535324664
2019-08-08,100.4645076074704,102.4013983301778,100.780181858923,102.68087735035628,105.8423159365122,104.4433373387057,103.50350535324664
2019-08-09,100.4717567551056,102.38290469900468,100.65816192048185,102.6878401285339,105.81625517564,104.5017880495126,103.50350535324664
2019-08-12,100.3836374697538,102.3731618940208,100.67443694579616,102.65839921809165,105.83010095634133,104.49441390634244,103.41903697791648
2019-08-13,100.48119279527576,102.35482751041984,100.77052507968904,102.68495351351956,105.8679913617312,104.50966547293864,103.36369069321496
2019-08-14,100.35527516471932,102.3007408009576,100.8023308551846,102.62790640755706,105.97887481397592,104.50569416881612,103.36369069321496
2019-08-15,100.30977592107308,102.02892454740638,100.56759656823726,102.62790640755706,105.9569055831806,104.53848610563902,103.36369069321496
2019-08-16,100.2967495519152,102.05290150295684,100.5599868833527,102.60742593755464,105.81842393617606,104.51308748996088,103.35978523097732
2019-08-19,100.41990894309949,102.15591712552232,100.59374618665264,102.6322093628522,105.9324718642696,104.49651354779242,103.35978523097732
2019-08-20,100.52179520439569,102.13597518923562,100.62411150407556,102.60148322907388,105.8639668699696,104.49760151478048,103.35978523097732
2019-08-21,100.7675298965455,102.18135384482017,100.62730190145194,102.57511711505153,105.7437667309706,104.51812925852413,103.3366101006926
2019-08-22,100.84725197465978,102.19436225494373,100.63860581438313,102.58342621504652,105.72631069380392,104.53591166262764,103.3434800299338
2019-08-23,100.92766783626136,102.20344415692838,100.58592474700096,102.57263107045333,105.83280309058028,104.53902166368884,103.33748235200676
2019-08-26,100.9873729489023,102.2130304365436,100.623153003612,102.5775975145351,106.01468380842527,104.48347443961696,103.33748235200676
2019-08-27,100.9498278396163,102.13609682619004,100.62707972568352,102.578686312373,106.01833642463473,104.47716766059388,103.25990907228366
2019-08-28,100.95387933021362,102.10947616228074,100.60641502443876,102.5732884962582,106.16638483754686,104.48995785693108,103.25194901357668
2019-08-29,100.98366431101184,102.1260710080034,100.61521053612894,102.60798115509586,106.10769678674762,104.50948081591388,103.25194901357668
2019-08-30,100.99589258823563,102.11599170120328,100.6452448815824,102.580444014919,105.85105540029993,104.52514334007736,103.25194901357668
2019-09-02,100.9753113100464,102.15399070608755,100.64290399022995,102.57329268435014,106.01528971681924,104.5032112558825,103.25194901357668
2019-09-03,101.0332606074274,102.16232414015862,100.61031923164072,102.54448746870332,105.95980214867612,104.51921037083338,103.25194901357668
2019-09-04,101.06876554512812,102.1656931164709,100.58716936690033,102.54092922552609,105.86289137433384,104.47718711561524,103.32242468578418
2019-09-05,100.99619236161476,102.19555785275412,100.6153327602986,102.53242363876204,105.9774481832622,104.4813324887522,103.39394989326328
2019-09-06,100.98955924974288,102.16731541513695,100.57739882235464,102.54318242713316,105.99679735857188,104.53712787947822,103.37858700547812
2019-09-09,101.02858653511436,102.17537647471256,100.58657065243118,102.52438610321528,106.0011379753152,104.53544842601418,103.37858700547812
2019-09-10,100.97547200048793,102.19620709917912,100.60065875907809,102.51105317424522,106.0723643818825,104.53544842601418,103.37858700547812
2019-09-11,101.02413509870354,102.19121838181108,100.56570394089546,102.50819310601727,106.10160036745258,104.52682254108448,103.37858700547812
2019-09-12,101.02028535629088,102.14892667950308,100.5045814804766,102.51375980778046,106.10540147869489,104.49406535001808,103.37858700547812
2019-09-13,101.0394204288397,102.1935285120562,100.50244668820687,102.53498057685462,106.14837247992914,104.5267196600506,103.37858700547812
2019-09-16,100.98417755311549,102.15648874692596,100.4975363603733,102.51355898832249,106.05662995365292,104.5204183106386,103.37858700547812
2019-09-17,100.9150122998474,102.15108194039344,100.4453251526254,102.49180042913288,106.1838250591544,104.50896925651898,103.37858700547812
2019-09-18,100.94987389443466,102.12529623375691,100.45067279916762,102.49180042913288,106.22649830274926,104.56691072598872,103.37858700547812
2019-09-19,100.96074931274882,102.09594787273346,100.39790972103408,102.49180042913288,106.13898944633652,104.55862232041062,103.37858700547812
2019-09-20,101.15631543099089,102.0432508204374,100.4161771972263,102.49180042913288,106.08743633873388,104.65562224768252,103.37858700547812
2019-09-23,101.1675694604718,102.1180094777386,100.32287185177904,102.49376551177276,106.07182343952373,104.63940215764606,103.37858700547812
2019-09-24,101.1843837265501,102.12692956408496,100.31338504928048,102.4923674345573,106.05825527172928,104.63671791482209,103.37858700547812
2019-09-25,101.28228673930532,102.16068057459238,100.32642854432932,102.538962189826,106.056968379707,104.63613784722736,103.34112218793511
2019-09-26,101.33223606821444,102.16542845287113,100.1421510062869,102.5448360035236,105.97441895901166,104.66486270060022,103.3491028022688
2019-09-27,101.33916674659538,102.19576411549389,100.175561635768,102.51987909523211,105.94532995905466,104.63144561937337,103.39051929722476
2019-09-30,101.3731823057802,102.1878503145812,100.21446436278652,102.52127069648462,105.93563087079094,104.6142922903098,103.39051929722476
2019-10-01,101.32694042784284,102.19797842025744,100.2476681014916,102.52366173524928,105.77376699281044,104.62960312351714,103.39051929722476
2019-10-02,101.45806881231762,102.22664964413846,100.2360694112936,102.53681800207669,105.75948539419294,104.64939491018872,103.39051929722476
2019-10-03,101.4483935762246,102.22448401070204,100.18874768519024,102.55918655562353,105.71941466643378,104.72167120222788,103.39051929722476
2019-10-04,101.48439899779108,102.25738594551584,100.2121631946712,102.5386237896233,105.6086593309596,104.77161235685551,103.39051929722476
2019-10-07,101.50940705579714,102.2658816236198,100.20060615288835,102.5340797516083,105.66494588225883,104.78661338054826,103.39051929722476
2019-10-08,101.51823373315436,102.26421140213267,100.21992614641267,102.5056189177426,105.60191741264627,104.80906081640109,103.35215414397754
2019-10-09,101.5829428706769,102.29851978327132,100.2174505003094,102.49329413816076,105.50025472268608,104.80246142422564,103.34576373455825
2019-10-10,101.59124750160728,102.2912717283486,100.22459414619918,102.4868691278252,105.4674345695251,104.76798927979304,103.34369217807802
2019-10-11,101.5813449885136,102.31399207230562,100.2334347079192,102.4546889492327,105.35681847116928,104.73573476041528,103.35517588642978
2019-10-15,101.6119748894132,102.24916311289093,100.26113943416225,102.45574282439074,105.4561880719688,104.73088682871628,103.34035832935024
2019-10-16,101.65061279254772,102.21122972214329,100.23710796812053,102.45523461340464,105.3507828453391,104.71551010248908,103.34626783742054
2019-10-17,101.64692493892264,102.178634968624,100.24002711616376,102.41201627009748,105.15534353720346,104.62300810477456,103.35086373029029
2019-10-18,101.64465583870764,102.17352786878992,100.3013444680575,102.42367868706935,105.1705179233894,104.66267595380052,103.35086373029029
2019-10-21,101.61375081583186,102.16226805301176,100.31823016962048,102.36441435370772,105.18719065807088,104.62116851443426,103.2794241648912
2019-10-22,101.67838631621402,102.14496845369248,100.31748881263604,102.3274173504748,105.26450562821276,104.67291995783684,103.27798610496018
2019-10-23,101.78382213982908,102.14269231108211,100.30120858945196,102.35027004305331,105.22740469912802,104.66443245681224,103.23818046264591
2019-10-24,101.73964871040285,102.14473504365478,100.28940851382764,102.3939656954635,105.14688557346956,104.65052745245876,103.23818046264591
2019-10-25,101.7674496256976,102.11132928392456,100.40815214075276,102.39069253517738,105.05586507305028,104.64195837108632,103.30293018586862
2019-10-28,101.6800442971494,102.104458922221,100.37038145586254,102.37064535311733,105.0954962192791,104.64550529316423,103.30293018586862
2019-10-29,101.69574642650991,102.10407893746614,100.39345220175376,102.36418893484372,105.14270508238876,104.63612478778816,103.30293018586862
2019-10-30,101.76516588186207,102.1050583117368,100.45312479911108,102.39435234733978,104.696666586522,104.63780696091392,103.30293018586862
2019-10-31,101.91124442169948,102.15079553243412,100.46860290655228,102.39435234733978,105.1937723415871,104.64691431510496,103.14143000100738
2019-11-01,101.81014516079902,102.1666534398472,100.46932339181588,102.39435234733978,105.18352188178504,104.65200204145408,103.14143000100738
2019-11-04,101.70585270627276,102.16661821118558,100.44498200659145,102.38585310023272,105.26330286061678,104.62929053860522,103.12804093254644
2019-11-05,101.621004654743,102.15332715468324,100.4192488362244,102.40190514037914,105.30359847241422,104.60057499726658,103.11538718164527
2019-11-06,101.67985340334629,102.12850493627734,100.50030572429532,102.39208811133112,105.33321079949344,104.593745429045,103.11538718164527
2019-11-07,101.62231472046648,102.12013229632944,100.4740328740665,102.38565079360455,105.3758681060071,104.6080127647457,103.14311445645386
2019-11-08,101.58040395225522,102.12905714179674,100.45830626471924,102.38585444582222,105.39015393506196,104.61530142303404,103.14311445645386
2019-11-11,101.60683235699616,102.15354827197744,100.44245611966234,102.3745495318322,105.41283839205924,104.64351769773069,103.14311445645386
2019-11-12,101.61854886459692,102.14842126790492,100.32773608511776,102.25914981063308,105.43637649263631,104.64962896787635,103.13615574905693
2019-11-13,101.68503435518564,102.1504175000359,100.29111644384992,102.1467044168796,105.48415242835064,104.6514263245647,103.15481324999858
2019-11-14,101.79898945961703,102.14474401553622,100.28213439191312,102.08620693545824,105.50253607830766,104.64504507052077,103.15481324999858
2019-11-15,101.77545524005976,102.15155411625732,100.3019672285403,102.19883850837223,105.47885706452809,104.670400969056,103.15481324999858
2019-11-18,101.78344155437054,102.1375956422342,100.31176948175572,102.22116778339928,105.57864479879682,104.66985639967596,102.98973372016766
2019-11-19,101.8126467722011,102.1395718688819,100.40019687829658,102.17923099302097,105.63092595465812,104.6818068157431,102.98973372016766
2019-11-20,101.818095808763,102.1533612134301,100.43251759250984,102.16530064453308,105.61408798556704,104.7380331620512,102.98973372016766
2019-11-21,101.82865980930936,102.13253144581186,100.39187995888555,102.19514535063156,105.76197424943494,104.6732306687725,102.98973372016766
2019-11-22,101.82566490182194,102.16444105096656,100.3695505425649,102.17705528003547,105.75480540284926,104.66661250670484,102.98973372016766
2019-11-25,101.80638651627604,102.17048123940064,100.32604212994092,102.19056323884844,105.82444386137256,104.67282522473344,102.98973372016766
2019-11-26,101.77541175948689,102.17441772060344,100.26552051109265,102.18552520371098,105.87904024250984,104.66381380141748,102.95355217266054
2019-11-27,101.82506148796324,102.18507442395418,100.30777526269856,102.16211178720472,105.9139982079765,104.61101241761844,102.95685174722648
2019-11-29,101.82079175554657,102.1720215631908,100.2946551065143,102.18860353429882,105.97488114775236,104.67004562976396,102.95685174722648
2019-12-02,101.76739186694203,102.18711075088429,100.28654808990424,102.16588220300422,106.0394132761368,104.68161435980451,102.95685174722648
2019-12-03,101.84544358874086,102.16569653721513,100.32086678987918,102.1573797486277,106.05783866990146,104.70421689991196,102.9182106229362
2019-12-04,101.84738899155586,102.19393700676324,100.3608170418903,102.17526752716164,106.06533681713591,104.7168191852718,102.95084465634106
2019-12-05,101.79091963632014,102.20231907369894,100.41447914335042,102.15557769599172,106.18060428280576,104.35975025586086,102.95084465634106
2019-12-06,101.77344460495212,102.2126923217481,100.4680137838011,102.18442252563422,106.24067704047168,104.37863817172716,102.95084465634106
2019-12-09,101.8201511101562,102.2239787739756,100.56924762360272,102.21469615765358,106.3111961552816,104.40744012930894,102.95084465634106
2019-12-10,101.82563999737376,102.24366776987002,100.50773116299008,102.22575233654922,106.34003761316112,104.4572507786742,102.95084465634106
2019-12-11,101.86530518135086,102.2291806183335,100.53985287726486,102.19011442306184,106.42393720354846,104.4659073500822,102.95084465634106
2019-12-12,101.7266355726162,102.22931943093208,100.53089495275908,102.18786272965112,106.45272662155509,104.47471550239776,102.91941818186712
2019-12-13,101.78380849791684,102.21273607692068,100.58689864154772,102.217567682932,106.44086748830446,104.4696644730064,102.90570452506252
2019-12-16,101.7414182597705,102.23263059224928,100.62243607009896,102.21120872632984,106.4251799447635,104.49159138591328,102.90570452506252
2019-12-17,101.74311940776646,102.22886028281005,100.59226846482515,102.19858725477155,106.58092629045092,104.51905104687012,102.90570452506252
2019-12-18,101.74537423819494,102.24942762447132,100.57722039452098,102.21211119533244,106.57809962549696,104.52888673248812,102.90570452506252
2019-12-19,101.7014406522058,102.2511604482161,100.40558666922507,102.21741990984114,106.57041831857047,104.53046428989543,102.90570452506252
2019-12-20,101.67076278668983,102.23980644142834,100.32489012312512,102.231054121751,106.53694672475712,104.5798883025534,102.8902010787934
2019-12-23,101.69489257953404,102.25666324669768,100.33860750098876,102.22788372744976,106.53114679857556,104.55669102306872,102.87437920447928
2019-12-24,101.7060998612116,102.25666324669768,100.33791388800051,102.22563651264724,106.54920389904608,104.5802717489448,102.83853837671724
2019-12-26,101.68752549737212,102.25666324669768,100.3761494741753,102.2237139969525,106.52846828126464,104.56040546797044,102.83853837671724
2019-12-27,101.6779241919994,102.22504848772948,100.51228885839984,102.21218033220784,106.54419176943608,104.53221382646538,102.83853837671724
2019-12-30,101.62428490902887,102.2386365513176,100.5175714410312,102.20459672360973,106.5271761561782,104.51567614614969,102.83853837671724
2019-12-31,101.59764965135297,102.2386365513176,100.52052771515376,102.20459672360973,106.5233455795846,104.46849250370714,102.85024527886652
2020-01-02,101.61404945640714,102.2091635724668,100.5368666700105,102.18401642078798,106.4982464247266,104.45360751983095,102.85024527886652
2020-01-03,101.66119419493252,102.17138917455064,100.53842130891267,102.19909190035705,106.50897448955872,104.43983768755432,102.8588899238506
2020-01-06,101.61267542557547,102.15443964380914,100.5602682996476,102.1572107838686,106.51123212777944,104.4381668446569,102.82218712316084
2020-01-07,101.67978018785648,102.15511964842834,100.52413597602263,102.18212277903092,106.4913734551948,104.44800494992886,102.82218712316084
2020-01-08,101.6355693845832,102.19357450868584,100.50795850250049,102.22376439275882,106.40222236631284,104.45797853193756,102.82218712316084
2020-01-09,101.64167296957552,102.19486385345952,100.49015922485177,102.2006569582612,106.4289304510224,104.47466892488822,102.82218712316084
2020-01-10,101.6546675672448,102.18905490199054,100.50014220986785,102.19643991114502,106.55859313446908,104.46889171178806,102.82218712316084
2020-01-13,101.66108217534872,102.17599108741088,100.47351177486638,102.22471650953744,106.56887735146675,104.4646573759403,102.87110253541532
2020-01-14,101.64806738137216,102.17265392732187,100.48786571141726,102.2308923315614,106.43314233002936,104.43706936354528,102.90536173426553
2020-01-15,101.6574224065097,102.17354188559196,100.4657260209771,102.22192877714312,106.33922915747472,104.4277068267054,102.95288632716986
2020-01-16,101.66892315500688,102.18857803140196,100.4267724908082,102.23023940516528,106.4470503737226,104.39729729884466,102.95288632716986
2020-01-17,101.67141852238866,102.18731851350628,100.43543576085314,102.23413695683104,106.40247373001915,104.40910647720484,102.88583202313094
2020-01-20,101.71935582953392,102.1859069593903,100.4290836681688,102.23253731578394,106.40601167077686,104.42971197910695,102.88583202313094
2020-01-21,101.68793096559504,102.15843838836064,100.39459325396862,102.22106978017602,106.31902602929244,104.4211495664798,102.88583202313094
2020-01-22,101.69660108398082,102.16975792119864,100.42497079894495,102.21520087725796,106.07354352202658,104.40614849250454,102.88583202313094
2020-01-23,101.74863817762224,102.20017693258905,100.44563810211496,102.20026678830038,106.2115704958431,104.4322453563971,102.88583202313094
2020-01-24,101.75031382446711,102.22022669321152,100.37733670462784,102.19387652339238,106.10702743913168,104.45194124788188,102.88583202313094
2020-01-27,101.78446307636312,102.26772269184794,100.38577452789524,102.2030859888218,105.96761212502736,104.5059303100933,102.88583202313094
2020-01-28,101.74437199618612,102.25457254208447,100.42422200437773,102.18620082239175,105.94606608650136,104.52190911842509,102.88583202313094
2020-01-29,101.77278913922092,102.27278390866051,100.45243390645058,102.18282932768166,106.21286368818564,104.52805438437738,102.88583202313094
2020-01-30,101.79360425558583,102.31725015537012,100.47561973811668,102.15918644672011,106.3570254786697,104.54165966553998,102.88583202313094
2020-01-31,101.89881524515044,102.2797291767328,100.5030797767616,102.12758834562176,106.56932159799966,104.630310912021,102.88583202313094
2020-02-03,101.86839882088168,102.27614542223333,100.49900351500716,102.150563842916,106.41271584127642,104.6388343177312,102.88583202313094
2020-02-04,101.82207895511614,102.29865649707445,100.47632140802878,102.13969116560357,106.3800923465304,104.6667396812531,102.88583202313094
2020-02-05,101.7805319602638,102.30317883806524,100.50591428177962,102.14140840928624,106.5034478118968,104.67620468862162,102.88583202313094
2020-02-06,101.85172452509114,102.3008806794896,100.48978823688216,102.14758029993712,106.77656464690092,104.74816811890028,102.88583202313094
2020-02-07,101.82860797850508,102.32271016841452,100.51545930858978,102.11996956069224,106.50940610166188,104.79327185126984,102.88583202313094
2020-02-10,101.83222007093065,102.33138698342886,100.5569310109974,102.1009002263252,106.47109506032272,104.7558868838744,102.62702786398192
2020-02-11,101.84841919223967,102.3677488862187,100.54475080142625,102.12499788413544,106.4686735908188,104.73066150969905,102.62422944616998
2020-02-12,101.82067430958789,102.38294874727124,100.52034512366488,102.12128882864064,106.50685373044652,104.68099454163529,102.63501498732305
2020-02-13,101.84864112351585,102.39451206569284,100.5199157337203,102.13988982209447,106.53511344799615,104.71136885149122,102.63501498732305
2020-02-14,101.86104599949996,102.41163531333883,100.54495995158771,102.14334072713211,106.46935981539312,104.73665467109524,102.63501498732305
2020-02-18,101.8689136570621,102.39217766078583,100.50677239125947,102.1563679234566,106.48830686886876,104.75513034959144,102.63501498732305
2020-02-19,101.86913516220592,102.3994027294206,100.50572341988897,102.15806114624375,106.41231013422336,104.74441160575564,102.63501498732305
2020-02-20,101.90296571242112,102.42930211585724,100.50265334046485,102.169348821092,106.41954017196544,104.73035727219082,102.63501498732305
2020-02-21,101.97168427160808,102.46070417878082,100.437746977018,102.15445688026584,106.44936410335052,104.73035727219082,102.63501498732305
2020-02-24,102.08761604530842,102.43974831301392,100.44865555319846,102.17202237137631,106.44936410335052,104.72173155820715,102.63501498732305
2020-02-25,102.11288624546376,102.38306395018324,100.45321235483418,102.17840465782795,106.44936410335052,104.7334849924944,102.63501498732305
2020-02-26,102.11981510899416,102.40238789668648,100.48369793005152,102.16932300579154,106.4897093544246,104.75928873667738,102.68703898028171
2020-02-27,102.36175082261904,102.39375601482806,100.53692453969968,102.12647114291228,106.49919066079087,104.77468115821686,102.7132355272026
2020-02-28,102.44750038083306,102.29657578822382,100.58557188909658,102.13282657515984,106.51629934932453,104.97568764252657,102.72311804303412
2020-03-02,102.42846814296932,102.13291110635676,100.62364940752192,102.18861451475682,106.6165012987373,105.04955529960765,102.72311804303412
2020-03-03,102.45951238388449,102.0950471001604,100.92018583592647,102.15706834141022,106.66989246503732,105.02719496317928,102.68087529351726
2020-03-04,102.49930825612968,102.03784326098152,100.95049985610127,102.23643605528189,106.59983888940066,105.02853526265592,102.6538020394025
2020-03-05,102.2890353780402,102.11162735845072,100.98249659256248,102.26139764035868,106.486805942695,104.96097392154007,102.63226099201732
2020-03-06,102.0509721930914,102.16527447312195,101.03056551918236,102.25186972181028,106.55346711331582,104.96260496553188,102.65192003621178
2020-03-09,102.14799258137155,102.03696763132896,101.13622560629886,102.25191435452967,106.27801483988166,105.15306026833402,102.69713916325452
2020-03-10,102.19798789821816,102.0943484530301,101.16494947269162,102.28822453960348,106.54686442536034,105.1401428329704,102.69713916325452
2020-03-11,102.1442522641711,101.97066405320533,101.27196778262343,102.26524340035373,106.71284540634387,105.0799442976313,102.86123713739411
2020-03-12,102.24405710582154,102.15288585767964,101.1560893360082,102.23420596707489,107.87039889946077,105.05885391692048,102.86123713739411
2020-03-13,102.1615776023732,102.33032798905325,101.2029279194986,102.23658827787642,108.18223818205487,105.05209490341096,102.87367457388574
2020-03-16,102.36470207228535,102.31979868316168,101.23918056363918,102.12777336106306,107.93466137097444,105.05864942553151,102.78798252634718
2020-03-17,102.28790763647235,102.34761849306142,101.45484076982476,102.10199865548113,107.84675333968944,104.97180806184768,102.79812811457748
2020-03-18,102.42012285729469,102.46179262121258,101.37254679895126,102.04843115253628,107.89685221431932,104.95560761549758,102.773491885893
2020-03-19,102.54909281625366,102.54547399873928,101.49957443321868,102.03669581832412,107.97447263256583,104.91676172471504,102.773491885893
2020-03-20,102.71619450203896,102.46854945350546,101.56815819030612,102.07942168987762,108.0910235232857,104.83269363971988,102.773491885893
2020-03-23,102.9195570583272,102.46174616915673,101.68195166289652,102.107529695232,108.19518260521971,104.73224033155452,102.66585261125722
2020-03-24,102.93963574516552,102.48323438858952,101.69383243308792,102.1149755128328,108.1857520206156,104.74157152895128,102.55303352933352
2020-03-25,102.88692412113132,102.53950761954538,101.68442344858444,102.13284077633014,108.2611365967947,104.74157152895128,102.55303352933352
2020-03-26,102.911294909611,102.45502615094011,101.67985454919211,102.1107861586748,108.35199118335782,104.88657776412607,102.55303352933352
2020-03-27,102.97935517491275,102.41829867739789,101.69524424972,102.11055389580194,108.39600439651926,104.83254643960494,102.68426306920078
2020-03-30,102.94112333415023,102.3885456827873,101.6977579562868,102.13892330946943,108.42226297874004,104.82053428176768,102.68426306920078
2020-03-31,102.93924164481264,102.43834097633302,101.7108409715531,102.16337036002676,108.46958896975094,104.78677665042682,102.68426306920078
2020-04-01,102.95049806964327,102.48425720835164,101.70960833917346,102.1491469235,108.48200271689656,104.7735989607496,102.6088853293428
2020-04-02,102.96314230993258,102.5084356554634,101.64906630371304,102.13137820676044,108.36410709117408,104.80262124844802,102.57846287783094
2020-04-03,102.96130057428653,102.48652080351584,101.66349489832322,102.08167594343928,108.35654221574312,104.82370657352509,102.30370149424093
2020-04-06,102.94972560853488,102.54371556959345,101.6656819352713,102.05640943323844,108.38691042874164,104.82351723611256,102.30370149424093
2020-04-07,102.92429202037704,102.7665120960726,101.64444959669304,102.07859798612463,108.3585492477152,104.7943560362906,102.57607168869971
2020-04-08,102.877786457747,102.7706377586974,101.62808660041154,102.09832537362738,108.32162840934367,104.84811364800942,102.57607168869971
2020-04-09,102.85372357147868,102.61464369866546,101.62808660041154,102.11355048417155,108.37867331298324,104.84586566060992,102.57607168869971
2020-04-10,102.85466403342498,102.61464369866546,101.62808660041154,102.11355048417155,108.37867331298324,104.84586566060992,102.57607168869971
2020-04-13,102.8620284794784,102.61464369866546,101.62408365577976,102.10839411675649,108.33281731224716,104.86945044008476,102.57607168869971
2020-04-14,102.84294903687874,102.58237101741192,101.6114745809906,102.11997212180492,108.3452750694479,104.83585599614943,102.59207819421032
2020-04-15,102.83678699890366,102.57558066595185,101.61518423949684,102.12870329178314,108.33312287646602,104.9988516093795,102.65832008796218
2020-04-16,102.8593573243484,102.57635813713108,101.62140605138018,102.12787414701498,108.29767476797396,105.08077039540294,102.65832008796218
2020-04-17,102.84490929558226,102.59225227083364,101.69953556173556,102.13732754071243,108.30786161336592,105.11742829940064,102.68314277279993
2020-04-20,102.84771055330977,102.69611177508622,101.68400150342288,102.14400329956352,108.27377502333128,105.28532610971344,102.68314277279993
2020-04-21,102.90238454843706,102.76533244458317,101.56924597871854,102.15013337778194,108.27377502333128,105.29826471929262,102.68314277279993
2020-04-22,102.895535456356,102.9159994319213,101.5394688690949,102.14670116077444,108.1794853123108,105.28928428112516,102.68314277279993
2020-04-23,102.92551247998804,102.84371060515036,101.55730251386804,102.14549045565852,108.14247241147464,105.40738432281084,102.68314277279993
2020-04-24,102.93161335588704,102.70997227988356,101.53048513406182,102.14523811305295,108.03913121901016,105.44110162818984,102.68314277279993
2020-04-27,102.91226081795944,102.7047069017652,101.55326577610988,102.1373929206666,108.0982605182416,105.443494921678,102.73363621208269
2020-04-28,102.94002236995247,102.6038918886146,101.57103200106744,102.14320217793455,108.28243981047189,105.4865893340007,102.75930987171276
2020-04-29,102.90742891485596,102.55579801251946,101.59694470633262,102.13941472477664,108.23339433342748,105.47444646659348,102.746976304832
2020-04-30,102.89432664264852,102.40722757987736,101.52902711064556,102.1351185826704,108.1561719764362,105.4935564846788,102.76927539314087
2020-05-01,102.90876494347914,102.40722757987736,101.52902711064556,102.1351185826704,108.1561719764362,105.4935564846788,102.76927539314087
2020-05-04,102.90643055566156,102.43069140467108,101.53786340061548,102.15271488865832,108.09622278562728,105.4896972382446,102.76927539314087
2020-05-05,102.90107102208958,102.4112398926088,101.55067952830412,102.14951879840646,108.01704516512632,105.50431808547972,102.76927539314087
2020-05-06,102.88176407699186,102.45915123016358,101.55667022014312,102.16501691082004,107.96630803187088,105.50142523005968,102.76927539314087
2020-05-07,102.88546784720457,102.4774754348944,101.57209871705496,102.16714561757026,107.89871360180436,105.50142523005968,102.74866075964242
2020-05-08,102.85649445671348,102.46692056226276,101.60624592468356,102.15873350791324,107.93388656450628,105.50595717153028,102.72956043104848
2020-05-11,102.85373542623728,102.49991548921452,101.59716866313111,102.15764178412918,107.9286861102712,105.52512821150484,102.72956043104848
2020-05-12,102.84206449268942,102.51339898254012,101.61899423243712,102.14831370732634,107.87554439569816,105.51850211521403,102.72956043104848
2020-05-13,102.84717953952632,102.49247265365076,101.60788870970003,102.1587007689851,107.85163549860717,105.56408303124388,102.72956043104848
2020-05-14,102.86821320061723,102.49081855772518,101.61066535262796,102.15789482870066,107.82764205187428,105.53047993734086,102.72956043104848
2020-05-15,102.85786025967457,102.49353104495673,101.546244283863,102.1706021801707,107.84126551398847,105.49216083808052,102.72956043104848
2020-05-18,102.86537023730529,102.49273960935363,101.55566104804198,102.1788857288174,107.8400279969955,105.48456365814572,102.76220579458742
2020-05-19,102.83596479895904,102.48864041194554,101.54869517395709,102.18919537471538,107.82680441683814,105.49232411600728,102.77666570733948
2020-05-20,102.8379826424638,102.48564539581524,101.52829699979996,102.21930920033246,107.80091298468253,105.53184556955262,102.77666570733948
2020-05-21,102.84724958930752,102.4908403642622,101.50048627639924,102.21930920033246,107.79758111136452,105.54808060551942,102.77666570733948
2020-05-22,102.86888634148148,102.49599014297902,101.48987609379304,102.21663477567576,107.78059044284836,105.60110260992086,102.78275210607636
2020-05-25,102.86245906922512,102.49148131785157,101.4866100209454,102.20965722797868,107.72185568002534,105.6665410056209,102.79962819787217
2020-05-26,102.83917640615388,102.45831063403232,101.51043636048836,102.17639998505494,107.716875845785,105.61796150459112,102.9004462545298
2020-05-27,102.8358591056711,102.45497841130786,101.48851344711372,102.17054560117234,107.74545504870818,105.63463450335588,102.90644254523728
2020-05-28,102.83948119678892,102.48130584756044,101.48488620945922,102.18250188680392,107.67443554025368,105.62045570362284,102.90644254523728
2020-05-29,102.83915179617613,102.5162549106782,101.37651972893084,102.17817075033987,107.66592207990408,105.62889164089393,102.95579393885612
2020-06-01,102.82495893978398,102.50343809040064,101.39248752066524,102.1783534043374,107.61288357567098,105.6441116539658,102.95579393885612
2020-06-02,102.81947058959832,102.50855428243612,101.40332238745437,102.16035647620596,107.52313391510364,105.65086962695597,102.95579393885612
2020-06-03,102.8294027364253,102.46232299663647,101.40981323914473,102.11935448722392,107.5282462011386,105.64710066475529,102.95579393885612
2020-06-04,102.83265755447614,102.48409263664038,101.4013764841638,102.1023757741423,107.48840160775146,105.62254525306822,103.0071750076027
2020-06-05,102.88107411790834,102.47777932280523,101.39997122428954,102.11360051368246,107.47865778661956,105.64624689816088,103.0071750076027
2020-06-08,102.87090551630318,102.53823574890266,101.4095043881309,102.12030959705092,107.45133088057892,105.70461144322884,103.0071750076027
2020-06-09,102.86189852276064,102.49627004769464,101.405655181688,102.14813950194868,107.422355620129,105.70023324173714,103.11562236098509
2020-06-10,102.81348516872104,102.46695287423462,101.39786427776204,102.15718302010984,107.38302443064698,105.69872569979266,103.11562236098509
2020-06-11,102.85423978428648,102.5235792850197,101.40703682228867,102.16940668695332,107.38302443064698,105.7515788920656,103.12716644133435
2020-06-12,102.83926505284002,102.55118690813023,101.40242947167168,102.16512353070188,107.37921704562363,105.73093174757189,103.1330505969434
2020-06-15,102.86274515124248,102.53438578342696,101.3883829488392,102.1670715638734,107.3814218542991,105.7040147424248,103.11556367920733
2020-06-16,102.82850211583224,102.52803960026333,101.38933062057018,102.16121258119206,107.34181399300738,105.72110656570186,103.11556367920733
2020-06-17,102.83084934073084,102.57810525594164,101.3793862187794,102.19398979829926,107.24589776382838,105.7219858863837,103.24991023427476
2020-06-18,102.82602677870514,102.61627826332251,101.35525168910088,102.2354187562097,107.2089765649692,105.73141630219136,103.24991023427476
2020-06-19,102.84561446588498,102.65323843663748,101.28584190540924,102.24004827307294,107.2094984424116,105.72927792840592,103.24991023427476
2020-06-22,102.85491781757968,102.74132228854566,101.3079825537486,102.2647165061513,107.18866759742478,105.72028887813016,103.23888264533664
2020-06-23,102.8358664213134,102.67846090651904,101.32418345241156,102.27176574870715,107.1989668015685,105.73995496057005,103.5256765401548
2020-06-24,102.84556328932864,102.71237927523153,101.29012057643314,102.27078207278232,107.2059911653199,105.77325576135756,103.67261886438423
2020-06-25,102.85410627449,102.73733551998836,101.3379016514788,102.25097230627836,107.19288948562232,105.76875832833623,103.67261886438423
2020-06-26,102.86480826562806,102.7587206224403,101.2994241636902,102.26712964696172,107.19634881314846,105.7592677315993,103.67261886438423
2020-06-29,102.8576860877403,102.7415173826022,101.31504468390564,102.26712964696172,107.21632247764391,105.75104642177912,103.67261886438423
2020-06-30,102.8497178638283,102.7711103447304,101.33275862466404,102.25727317681988,107.21141265606263,105.72611703575213,103.66169068287108
2020-07-01,102.85725119821755,102.7329170349589,101.33182188753892,102.2638910590916,107.22633828100476,105.72766000324394,103.66169068287108
2020-07-02,102.83764898638736,102.7384644096008,101.31314378303168,102.24583680090733,107.24221503105532,105.72994336938638,103.68352078670242
2020-07-03,102.85039249472196,102.74871414788528,101.31314378303168,102.24320526318743,107.224610294159,105.7240103364534,103.695129711066
2020-07-06,102.84672703747572,102.73127460942926,101.3445042418169,102.22507946438373,107.1937143736241,105.76292723445744,103.695129711066
2020-07-07,102.8522549054617,102.7034028673668,101.33752115605223,102.20331316517655,107.20106054462258,105.763568784118,103.695129711066
2020-07-08,102.86444359005208,102.68627380854952,101.35047542700238,102.20714822945094,107.19068085106314,105.76315711221062,103.74944177989624
2020-07-09,102.8761913812541,102.69271796725168,101.34023201076646,102.21720804028467,107.2369165523036,105.76453846620872,103.88526334678676
2020-07-10,102.8876827440356,102.71555175183497,101.37842455621067,102.21579229117016,107.21735189026045,105.74594746160432,103.8830697783186
2020-07-13,102.87713002744702,102.67704554861588,101.36009151722403,102.22062658983783,107.2403325763289,105.75631592945336,103.8830697783186
2020-07-14,102.87700945024088,102.6626135545148,101.35664175472895,102.21786301154012,107.22494183562236,105.74603570847552,103.8830697783186
2020-07-15,102.86567138900612,102.69401767336764,101.39002128469856,102.24654258219704,107.21519044674125,105.72920335243631,103.8830697783186
2020-07-16,102.86275448262153,102.71851189029408,101.3730220784832,102.24654258219704,107.21923995021356,105.70328850372896,103.85122196439951
2020-07-17,102.85835508568532,102.7225040806809,101.37183873382205,102.24705927709638,107.22202186770788,105.69501451494531,103.85122196439951
2020-07-20,102.86528036022882,102.70958406918731,101.38469991486625,102.2350001190925,107.20893176599276,105.70224231742203,103.85122196439951
2020-07-21,102.85590698574596,102.73089544805627,101.40012289776725,102.23478176169031,107.17494140983663,105.72945684143072,103.85122196439951
2020-07-22,102.86535402194508,102.73121000535576,101.45944029563547,102.21361816927076,107.23614690057164,105.71405615780009,103.85122196439951
2020-07-23,102.86839603721056,102.73911511680262,101.34614072460089,102.22547334428178,107.20087161749004,105.71441265624604,103.85122196439951
2020-07-24,102.8733159071936,102.73457987333212,101.3589362195858,102.21656195161992,107.18732632860278,105.71840959874544,103.85122196439951
2020-07-27,102.8666446464007,102.72106436524176,101.38143404839484,102.22213478737474,107.20187559352752,105.72403477395052,103.85122196439951
2020-07-28,102.8588059820116,102.73126186166104,101.42568583338418,102.22031257982414,107.2180977718426,105.69952998432856,103.85122196439951
2020-07-29,102.84200111366437,102.74464118004568,101.41834629700809,102.2296998790358,107.19517531877844,105.71020587248908,103.85122196439951
2020-07-30,102.8435901134554,102.74607193996444,101.4414024052552,102.22731852013028,107.17760768726528,105.69268826095504,103.85122196439951
2020-07-31,102.83478473415258,102.7469916331216,101.42215847904794,102.20603553614708,107.18753064488746,105.6740012835974,103.85122196439951
2020-08-03,102.84708132385548,102.74245854884614,101.39410136766318,102.20374770347613,107.16340990837602,105.66930753466688,103.9143715916626
2020-08-04,102.82775407918383,102.73475161637828,101.37234195385489,102.18978439889916,107.15021980692605,105.65616978484736,103.91970164681216
2020-08-05,102.83714608007368,102.74374203056682,101.35798171214954,102.17691124202726,107.18331100820204,105.63742471079264,103.91970164681216
2020-08-06,102.83320967022291,102.73554027741989,101.36172569210564,102.1844901459896,107.19613464172944,105.67254931328615,103.91970164681216
2020-08-07,102.82839296795048,102.73221041699026,101.32436773654273,102.198312067442,107.2002251473236,105.66786335945396,103.91970164681216
2020-08-10,102.83257990852871,102.74061557495888,101.25702660460011,102.19437664401474,107.18239656079258,105.7243131981302,103.91970164681216
2020-08-11,102.83946556457336,102.73032999285373,101.26017531318632,102.1968771530093,107.18994423381288,105.72365856312784,103.91970164681216
2020-08-12,102.83997563418892,102.70173331131588,101.22917428430294,102.20339210962597,107.17370177443844,105.75741837671124,103.91970164681216
2020-08-13,102.8378751409328,102.68819095347882,101.17381677537476,102.1967510580971,107.19162123222992,105.74814140810886,103.91970164681216
2020-08-14,102.80587054838716,102.7100729094564,101.11970715461725,102.1977812966244,107.172141290608,105.79341012680858,103.91970164681216
2020-08-17,102.81195755494316,102.71532308660667,101.06594054841732,102.19021361864245,107.17447165328905,105.81816308466698,103.8958145869564
2020-08-18,102.81330463674854,102.73662203588816,101.1952687833066,102.18701083383132,107.15935842410364,105.82151418059,103.8958145869564
2020-08-19,102.80576681856898,102.73998446162044,101.23286211516158,102.19086958170284,107.16336275477416,105.851882801891,103.8958145869564
2020-08-20,102.8116117029138,102.7609537382018,101.21122978595348,102.19738065837942,107.14459300396916,105.8809230159759,103.8958145869564
2020-08-21,102.80535050108274,102.7585321194013,101.20113466753888,102.20909574571542,107.15463627023496,105.91154263895528,103.92739826294628
2020-08-24,102.8064675632231,102.760252728288,101.11679282676847,102.20329276037847,107.155608248362,105.95708654261432,103.93509487995104
2020-08-25,102.82324657691905,102.75755638878448,101.12154172984498,102.21391975973282,107.1531791816585,105.95259095867593,103.97523981575038
2020-08-26,102.81603150953352,102.7489507656192,101.091032992395,102.21253987385263,107.1281556691518,106.01756587255508,103.9888734271782
2020-08-27,102.80215680868548,102.74029490320522,101.13892418456336,102.22931303624176,107.09816754108274,105.97514010780972,103.9888734271782
2020-08-28,102.86086652951433,102.73523327349244,101.21713308160408,102.2163353815063,107.10676068504964,106.01268658802098,103.9888734271782
2020-08-31,102.84922120374912,102.74464561470371,101.20561823585294,102.20726464107386,107.10126643393878,105.98792907381582,103.9888734271782
2020-09-01,102.82557345595217,102.739396197333,101.24065322307936,102.2050653539894,107.09843029407384,105.92990628161525,103.9812910976256
2020-09-02,102.82943693177144,102.71208988777398,101.28136062464988,102.1929130649648,107.13114451018193,105.93595459906766,103.99060280697964
2020-09-03,102.8297085817034,102.70998182710387,101.27441042804348,102.1850252583872,107.18663893539626,105.94350188117669,103.99060280697964
2020-09-04,102.87406040553437,102.6939103513256,101.32854574606458,102.18136412534544,107.20177024017757,105.95082180387068,103.99060280697964
2020-09-07,102.887248613557,102.69376706473147,101.3268266802854,102.18040309170024,107.20177024017757,106.00293733619628,103.97967970350363
2020-09-08,102.84042451677912,102.68255800938051,101.31953649621228,102.18513271455882,107.25058359644186,106.05293379721226,103.97967970350363
2020-09-09,102.84736778653168,102.7097842667631,101.24793170170295,102.18624012997412,107.23929362965704,106.02333534031574,103.97967970350363
2020-09-10,102.8480846984835,102.74968132060258,101.2129224026844,102.19615266842877,107.2549821345151,106.07751600174689,103.93473346457289
2020-09-11,102.83815852398786,102.7171701421381,101.27901814696553,102.19403527411784,107.25239793769532,106.05208467259956,103.94760004846805
2020-09-14,102.83942888844726,102.71349370785089,101.31037828809556,102.18296968170192,107.2707354949132,106.06170819012344,103.94760004846805
2020-09-15,102.82956744129346,102.72651433331346,101.26726541232512,102.15163923289512,107.27542622061252,106.02195149025786,103.94760004846805
2020-09-16,102.83126071420608,102.7292004066874,101.26191462778064,102.12857901836084,107.19621601746113,106.00487665128216,103.9577248897156
2020-09-17,102.83348785929208,102.68995256386935,101.26970287149324,102.1181792802857,107.2999963091105,106.03009618751835,103.9577248897156
2020-09-18,102.82658196152002,102.68552090183267,101.19504778177166,102.1181792802857,107.29382346485392,106.03034159926356,103.9577248897156
2020-09-21,102.82621971014052,102.62063520871534,101.15861703454463,102.10050818268869,107.33387721904246,106.0182437726422,103.9577248897156
2020-09-22,102.83234445472937,102.65241982846167,101.1877651163606,102.06676247757326,107.3697126624136,106.0008740009376,103.9577248897156
2020-09-23,102.8344891028866,102.6576711933557,101.15908109182264,102.05714981269256,107.33170055759044,105.97348303019204,103.9577248897156
2020-09-24,102.82891578966198,102.697403348343,101.21061366314323,102.05682637304491,107.3223195116335,105.99306649028388,103.9577248897156
2020-09-25,102.83146445854486,102.67594988736504,101.23596897726736,102.06590735511892,107.29759848553677,106.00740324207784,103.9577248897156
2020-09-28,102.81737699994603,102.67511571797556,101.15350563531068,102.10421090948569,107.2177138196347,106.03263604841764,103.9577248897156
2020-09-29,102.8236031454476,102.66220159775554,101.09658194385756,102.13629223859056,107.1873299769398,106.03702717967312,103.9577248897156
2020-09-30,102.84132955939197,102.6918391750674,101.08520215467452,102.17358828997024,107.21561991923168,105.94163924776142,103.97152014083213
2020-10-01,102.82859641609102,102.66191317858492,101.11559779378598,102.18664450826628,107.183671138167,105.92717048439133,103.97152014083213
2020-10-02,102.8524712951738,102.63612057356175,101.14010221676064,102.16095117872533,107.27579230240714,105.93413118230346,103.97152014083213
2020-10-05,102.8874216864334,102.64478877272133,101.16225584594174,102.1680101384914,107.32851517515802,105.93556512205488,103.97152014083213
2020-10-06,102.8513671432301,102.64135923779124,101.15224689882092,102.16297046923007,107.3305104694858,105.94090971250694,103.97152014083213
2020-10-07,102.89203608965612,102.6250575155599,101.18134296839013,102.19495562735467,107.3271682990692,105.9357636999839,103.97152014083213
2020-10-08,102.8844688827762,102.59487608883046,101.19849780809643,102.15921307083396,107.40517126740028,105.94318365489484,103.97152014083213
2020-10-09,102.8826823071586,102.57523197793212,101.23613036136123,102.1760618898836,107.43588530836988,105.87781200836098,103.97152014083213
2020-10-13,102.85549825893258,102.56150604991684,101.2496388848308,102.1946139770034,107.41627213181798,105.90573560287513,103.97152014083213
2020-10-14,102.85982144861684,102.54327168176444,101.2538463526288,102.20528911024154,107.46668854369538,105.87169396672888,103.97152014083213
2020-10-15,102.8635275489162,102.5271971034576,101.23103240125415,102.17921226141029,107.41562985103796,105.83684801221597,103.97152014083213
2020-10-16,102.87239127489268,102.5009027777716,101.24206356295448,102.19750524987695,107.16730194868808,105.848302625274,103.97152014083213
2020-10-19,102.88014886946574,102.47735852842251,101.23822592665192,102.17021225049304,107.22036155159576,105.843060564916,103.97152014083213
2020-10-20,102.88854839227704,102.5201895624514,101.22453070526888,102.17666122392173,107.29922322225828,105.85050519521724,103.97152014083213
2020-10-21,102.8987147352306,102.52680800336312,101.21073801617702,102.21685525441792,107.2989374073422,105.88496757332976,103.97152014083213
2020-10-22,102.91327401204887,102.53011562221008,101.2213964703991,102.24537943864796,107.26108078476577,105.89899951743288,103.97152014083213
2020-10-23,102.9234870507113,102.54956477335593,101.22000456213782,102.24261280823492,107.2563202732417,105.90192905080416,103.97152014083213
2020-10-26,102.89747411428156,102.5537430426824,101.2126643564832,102.24248649698424,107.25890378685088,105.88595802293446,103.97152014083213
2020-10-27,102.87746442965206,102.5399197353274,101.21013907590574,102.21863639107772,107.25750219279904,105.89041064562178,103.97152014083213
2020-10-28,102.88519352170668,102.52886472949623,101.24830732479954,102.22924840375428,107.25187394916986,105.88528922027304,103.97152014083213
2020-10-29,102.9317819427297,102.49226485206307,101.22564730374135,102.21513619346916,107.20097882248454,105.86073854039438,103.97152014083213
2020-10-30,102.94206049488852,102.47157183001627,101.29138141676329,102.23433962282128,107.20835438412011,105.90580032523728,103.93904847960518
2020-11-02,102.93441385045531,102.45728321817782,101.27101396050575,102.2628899743866,107.20835438412011,105.9226220184256,103.90593136797784
2020-11-03,102.93469428396634,102.49351666072543,101.28635842474976,102.27280079972827,107.23689854551708,105.95177567836411,103.9551494720034
2020-11-04,102.88882518069452,102.48312079166276,101.2418330306934,102.35131742178088,107.32485824332862,105.9353743967352,103.96237964651723
2020-11-05,102.8942183985314,102.4809018599236,101.2419727698855,102.31733790199968,107.29949267785142,105.9548568851998,103.965510968251
2020-11-06,102.90624890389644,102.4686677695804,101.2601299243122,102.2886314824588,107.29646566024331,105.98309212588768,103.965510968251
2020-11-09,102.94535814051528,102.57188719293542,101.30241495104904,102.19487381303465,107.3096878645898,105.96310622713294,103.965510968251
2020-11-10,102.9528384944258,102.59207460014144,101.301040263738,102.2439786436696,107.3154872951899,106.0420489572039,103.965510968251
2020-11-11,102.96069801906047,102.5742889257808,101.30389619824686,102.24007271413956,107.35618171845933,106.0419722657343,103.92054268001698
2020-11-12,102.90597869830388,102.55820778845654,101.13840716124707,102.26254486734688,107.3978733746526,106.01433588367595,103.9227379584504
2020-11-13,102.92049757908585,102.55770729793625,101.136038322167,102.2208707192848,107.3800862836801,105.99942379751958,103.96236878613897
2020-11-16,102.91851516329046,102.57078670412514,101.13353130017876,102.18582835074976,107.36435917382894,106.00414910693377,103.96236878613897
2020-11-17,102.9092724916162,102.56603187212102,101.14398599342556,102.2388773110324,107.37660807302076,105.99954778403048,103.96236878613897
2020-11-18,102.9209373023774,102.57332698713448,101.18542758374484,102.20608910272756,107.39458191205604,105.97200825332538,103.96236878613897
2020-11-19,102.92699988572728,102.54898950686476,101.12436156969687,102.24756529500895,107.36132551589172,105.98699257973333,103.96236878613897
2020-11-20,102.9378861806594,102.52692382563,101.14075357790982,102.16123404624209,107.42799442897883,105.93646500148874,103.96236878613897
2020-11-23,102.95108977546084,102.51406609767308,101.1472857678307,102.01822648216546,107.41256107093724,105.90925797729578,103.96236878613897
2020-11-24,102.94476912005304,102.49683546978504,101.08231119174818,102.01121372686414,107.44169399883934,105.9123977935988,103.96236878613897
2020-11-25,102.93610640402753,102.4957714077856,101.08924012196564,102.00974566272328,107.43065165079489,105.9517696558396,103.96236878613897
2020-11-26,102.94358016816008,102.4910461274517,101.08924012196564,101.9487824653134,107.45836412545842,105.94340240960608,103.9374135923552
2020-11-27,102.91700850217342,102.48231739473728,101.08360629995884,101.82092381337613,107.41911574371076,105.96873118780228,103.93837100061944
2020-11-30,102.9310859433542,102.49154799334664,101.05748188865104,101.812589823276,107.45134614335616,105.95958095342104,103.94397386594376
2020-12-01,102.96349363700143,102.49769431113518,101.03333946326138,101.90187592599102,107.26930894730349,105.9790818106188,103.96006441071542
2020-12-02,102.9501155484306,102.50071611600168,101.07152821521228,101.96901142980622,107.27750106029256,106.01118184076849,103.96006441071542
2020-12-03,102.93661256294897,102.52957117870947,101.07801086935604,101.96957501980894,107.25042964526752,106.03572558802938,103.96006441071542
2020-12-04,102.95758748523684,102.57907312993062,101.134122814167,102.00964368051686,107.34867952370486,105.97524102454318,103.96006441071542
2020-12-07,102.91936404722222,102.587480693331,101.15551309192564,102.08619174977125,107.37776948331334,105.99663981924236,103.96006441071542
2020-12-08,102.93388714833782,102.5907336474664,101.16912524970574,102.08619174977125,107.43709302240066,105.95821819153852,103.9711656308498
2020-12-09,102.93820750391272,102.60381952861314,101.16333070371016,102.10980296237278,107.37392097830435,105.9708017354032,103.98971018148262
2020-12-10,102.93581882817686,102.57944466761803,101.18729074692456,102.09591751564392,107.39107079849094,105.98420482425529,103.97401694686415
2020-12-11,102.93432069465884,102.55349003519822,101.17580475637943,102.05750319754492,107.39741722598984,105.99293600944388,103.9889227516021
2020-12-14,102.94026668328912,102.56469260954265,101.16838897086932,102.0600951111074,107.38237551732112,105.9948102724027,103.9889227516021
2020-12-15,102.94382977761988,102.56836985482768,101.16744094467658,102.02891371512044,107.38156288002246,106.03205593023849,103.9889227516021
2020-12-16,102.94769043312608,102.51843734124937,101.19251573242758,102.01016233854844,107.37942581964946,106.01657495298096,103.9889227516021
2020-12-17,102.95191940365537,102.51242071371787,101.2256800111334,101.97699491499613,107.34422684817692,105.99740545529644,103.9889227516021
2020-12-18,102.96713340072176,102.49075720848025,101.27660858318085,102.03014367626852,107.37715275591226,105.94537529420307,103.98066008364046
2020-12-21,102.97071027532512,102.49935767276123,101.26168150373384,102.06143969705552,107.34173910467192,105.79930654015315,103.93928155355444
2020-12-22,102.96286455331938,102.46657490911942,101.25226600390222,102.06532408054508,107.27915737499384,105.81298700712878,103.92771621962429
2020-12-23,102.97355722069008,102.45415285432632,101.2086972004573,102.04201666535198,107.28827733546184,105.8501557960031,103.92771621962429
2020-12-24,102.97059416732657,102.45415285432632,101.20487582711432,102.01856660390614,107.27954127363095,105.78642065550504,103.97422300860327
2020-12-28,102.96026779023552,102.45175816268674,101.1903495528452,102.0296487426188,107.33501147904094,105.7810361074124,103.96109512470102
2020-12-29,102.96189515454014,102.47882970306554,101.22211385854278,102.05274553493192,107.28112587544632,105.76739089131536,103.96109512470102
2020-12-30,102.94350390770032,102.49153606347868,101.22792921749668,102.0196575542556,107.28368584638052,105.80374963909269,103.96315581840486
2020-12-31,102.94576532019428,102.49153606347868,101.2257088432169,102.0196575542556,107.29915615033153,105.73564301137944,103.96315581840486
2021-01-04,102.9335699943536,102.56378151119452,101.22727370422122,102.0629852129244,107.30680974894908,105.8073505060491,103.96315581840486
2021-01-05,102.96874748307118,102.57483476034405,101.2038234176504,102.0685920572414,107.35222411692308,105.79674389625522,103.96315581840486
2021-01-06,102.98452792559128,102.54660057433937,101.2546443809883,102.01960728592196,107.43583864695832,105.8194466761576,103.97566292991525
2021-01-07,103.0224466589692,102.54148245112896,101.28097754855536,102.01891222695438,107.45084646086498,105.79839489973791,103.96412976135518
2021-01-08,103.07154742370382,102.52013729168156,101.2482168498018,102.00809786346576,107.57971533399947,105.80355335223692,103.97541273054787
2021-01-11,103.073602045442,102.52043008431886,101.30776873070538,102.0010844642144,107.56663041559707,106.08642136663248,103.97541273054787
2021-01-12,103.07994263073364,102.47808889242933,101.28812912533962,102.02146016616771,107.52279982509098,106.06190270676976,103.97463988779
2021-01-13,103.07389023857174,102.48442127246086,101.30614486898295,102.02775651939632,107.69243360500498,106.04305988068634,103.98753318647128
2021-01-14,103.03948936469698,102.52677669594858,101.31935516410324,101.9969307376571,107.63006902507286,106.0379830545196,103.98753318647128
2021-01-15,103.03068544060024,102.53889421562792,101.25191252845056,101.9186263455615,107.57741800197364,106.00013092127648,103.95559698491088
2021-01-19,103.01103635460092,102.5062339926416,101.23650985116302,101.9083764900063,107.57294530996158,105.95473173037348,103.98964726369668
2021-01-20,103.02189891894857,102.50479720209138,101.22650781203104,101.85236844597196,107.58383686608362,105.95572733544005,103.96640489833516
2021-01-21,102.98251628013509,102.45937004122683,101.21138965286308,101.81141404037317,107.75950755126232,105.90827923682686,103.95601128005806
2021-01-22,102.979681739997,102.4744176524362,101.20215964031571,101.82833323229374,107.76387445817372,105.92865976526735,103.95601128005806
2021-01-25,102.99042707720756,102.51713440588372,101.18484101692071,101.84239373097938,107.76387445817372,105.91794712429238,103.967154432795
2021-01-26,102.99296501219442,102.50870783043224,101.17199984965592,101.80657844047492,107.92026378601096,105.92580490257896,103.967154432795
2021-01-27,102.99854011051627,102.58542093737712,101.18307839264588,101.79669520842272,108.05892744525964,105.91954065780676,103.93622443682492
2021-01-28,102.9947440331857,102.6141424334688,101.21452634489148,101.76222703867217,108.01925896424004,105.96664151002852,103.96860126757949
2021-01-29,102.95450628597978,102.59227907336846,101.20121606696532,101.80510089611704,107.94099061049909,106.0005180817496,103.96860126757949
2021-02-01,102.9523800819324,102.57473089071632,101.2090186826115,101.7850846582688,107.92282731024284,105.9129269728886,103.96860126757949
2021-02-02,102.95844421237656,102.54297735395431,101.21153748615752,101.78331729084742,107.9915380595698,105.94792939662888,103.97522907056096
2021-02-03,102.9537014113154,102.49791218841996,101.22253619290127,101.80945710315908,108.03261242044442,105.93940726113487,104.00951632846352
2021-02-04,102.94203620790054,102.49318163189716,101.23460690337907,101.84554004629562,108.05509254250327,105.9781669209356,104.02852936820996
2021-02-05,102.91670682700664,102.44196302655465,101.208905620298,101.9726575381092,108.110543399,105.91363324340033,104.0408187874784
2021-02-08,102.92659291246582,102.43013543314952,101.20122500913624,102.14504546171251,108.19343775957874,105.87374767385688,104.0408187874784
2021-02-09,102.9412658490182,102.46110775312532,101.20172789682589,102.12954798802429,108.20733904846432,105.95564875663068,104.02431085740832
2021-02-10,102.94372563296083,102.46279400555404,101.1961313700455,102.16851871191228,108.21516399433844,105.91221833325272,104.04916833472392
2021-02-11,102.93283301108566,102.47729903127446,101.1259841109664,102.10701185828862,108.15363048181656,105.9161485528346,104.04916833472392
2021-02-12,102.91218046639518,102.44281044076004,101.13729227277052,102.1095484119064,108.18582742690546,105.91494603229624,104.04916833472392
2021-02-16,102.87340476405168,102.3430999707669,101.17633905875677,102.09562444402265,108.18582742690546,105.8708816734558,104.04916833472392
2021-02-17,102.878554686058,102.35896940007076,101.20970613646936,102.06907304304065,108.2767522842684,105.84601907071249,104.04916833472392
2021-02-18,102.87677378432612,102.34716422091172,101.19940828903084,102.09611302576596,108.3270828208806,105.88851891307064,104.0782327547571
2021-02-19,102.85414418002922,102.32244374059644,101.25262921349125,102.05026437594007,108.38713787807116,105.8744950021475,104.07752933165288
2021-02-22,102.86408174441688,102.33197075147702,101.34564807838008,102.01042075921475,108.50901281705256,105.87218029010532,104.07746279967284
2021-02-23,102.86139185661128,102.33063723639997,101.26555710118816,101.96954678636445,108.44736154977066,105.87757069701208,104.07998415481109
2021-02-24,102.87947983834104,102.33634015463272,101.3174207192924,101.98960658547472,108.50446599210812,105.901653048164,104.06298770249003
2021-02-25,102.92987780435784,102.37135927758266,101.44738962846417,101.9963378753928,108.7741106814112,105.9141080114107,104.07507104656692
2021-02-26,102.9262199750854,102.3425369986082,101.49567314135416,101.99174178127905,109.15941852105372,106.25179536221938,104.06757805802648
2021-03-01,102.88404267781046,102.29869826630038,101.44583185105,101.93113315681966,109.15941852105372,106.4591000085884,104.06945025885426
2021-03-02,102.92728459286606,102.28807326244542,101.47346221213924,101.97135363569448,109.52991032579318,106.42610490482444,104.07416612988648
2021-03-03,102.89067850448632,102.24705574903857,101.53397325678944,102.14466460829156,109.40072359967613,106.33710907885012,104.06879083069272
2021-03-04,102.82682595472863,102.2391457904496,101.61243575805304,102.08428102446952,109.46033338712388,106.438081117303,104.06513095026595
2021-03-05,102.83339032306785,102.25958640462248,101.67917552041224,102.16499144876524,109.4833029750713,106.40311726981406,104.07433081252276
2021-03-08,102.8656650275574,102.28338711324524,101.63322639242271,102.19068502533456,109.37822910136738,106.2797689156204,104.08496735981264
2021-03-09,102.86262182356074,102.29039946447632,101.64119122787363,102.10672901875122,109.28484051840896,106.2945626730315,104.08519273168278
2021-03-10,102.88343791861767,102.3032079491862,101.56095662514176,102.01249739920988,109.25189708795342,106.3115073858967,104.08867715521151
2021-03-11,102.88718121779652,102.30875615768582,101.5253829398262,102.03790842708032,109.33973770664024,106.32054639803496,104.08022543992314
2021-03-12,102.89351114234653,102.27858606948996,101.6188486803503,102.0714438592114,109.4653792949062,106.3193348507651,104.08360220879956
2021-03-15,102.91115451930138,102.25886644895849,101.6188486803503,102.12644162645476,109.26945470921792,106.35250405503278,104.08336610810906
2021-03-16,102.91235327122234,102.25825937101432,101.77410069050192,102.19191371640098,109.69475387271588,106.43971584486206,104.0912708535376
2021-03-17,102.81732207171407,102.21862384665002,101.74732024255476,102.27122091421684,110.16076374662973,106.4125772398246,104.08500833774072
2021-03-18,102.85933748441964,102.23023169156797,101.94823198448852,102.36855899179704,110.78054042789684,106.42210155187416,104.07671806808692
2021-03-19,102.8284834034308,102.20223327882516,102.02762181538564,102.2846189217306,110.8368612485204,106.48728400013428,104.07671806808692
2021-03-22,102.8362601835697,102.19500129761488,102.05822629535196,102.25365278779724,110.84991937657504,106.5776874023096,104.08634768433768
2021-03-23,102.84945411977996,102.21051905492176,102.25873437524484,102.28327610184662,110.9395024408427,106.6005856360538,104.0927598767516
2021-03-24,102.82718989388913,102.19514668035634,102.4755670483618,102.40397136960324,110.95878200601229,106.60637253201033,104.1071314664499
2021-03-25,102.80527030353784,102.20644397188066,102.31483910609316,102.34596142573496,110.84240394521647,106.6519909551988,104.10239841151412
2021-03-26,102.79864526656858,102.17761598053865,102.23968112235532,102.35776151246644,110.86000729217368,106.616887202955,104.1036453875562
2021-03-29,102.83295303784683,102.19731749721046,102.28448524371056,102.30240639292072,110.68891577552152,106.63604952588884,104.10447366808836
2021-03-30,102.8420728839612,102.23115956421876,102.24435024311526,102.3221989754375,110.77684045934252,106.5507772143951,104.09877235632878
2021-03-31,102.8521529987167,102.2494973281058,102.23622612672318,102.42853900482768,110.76953710816942,106.54380046690297,104.08922173394096
2021-04-01,102.8698516760762,102.22796622666716,102.23622612672318,102.3010606223471,110.84995893817656,106.5351796115046,104.0945348176334
2021-04-02,102.91584761738844,102.22796622666716,102.23622612672318,102.3010606223471,110.84995893817656,106.5419491378567,104.09000760539313
2021-04-05,102.89394112746496,102.22796622666716,102.24895974151691,102.17696751020269,110.84826088980157,106.56797318826956,104.09000760539313
2021-04-06,102.88352313716898,102.22879402451146,102.19271788013091,102.14510938195671,110.9027678810842,106.58119806629674,104.0794741979935
2021-04-07,102.87744599080628,102.2170561622278,102.15362429387352,102.12780773560284,110.89607283618427,106.67583312437374,104.07917875589024
2021-04-08,102.861921284233,102.20707861012724,102.1476173039246,102.08576080592486,110.92596893742798,106.69345900969483,104.07949517896864
2021-04-09,102.87533324403488,102.20944323666455,102.24999006148629,102.1083491343223,110.9246488434002,106.7044733790273,104.08308051623642
2021-04-12,102.89176622293678,102.2009064795912,102.27784746075916,102.14464883643768,110.9164951669514,106.8119186014637,104.0852781435262
2021-04-13,102.88607562007904,102.21073695898846,102.22658640845812,102.1548996649608,110.94644680416737,106.77565230112792,104.06082139921358
2021-04-14,102.88427932892566,102.27346154123528,102.20049966434009,102.1682536306944,110.93849425614113,106.78008200583471,104.05695251529735
2021-04-15,102.93488297641518,102.24538748618988,102.21037904853694,102.03552389838882,110.967248149118,106.7906620371819,104.0502515878647
2021-04-16,102.93241601949865,102.21730766099115,102.23261559195312,102.10034797482086,110.99537066777503,106.77205584078636,104.06591505838072
2021-04-19,102.9302654610306,102.25509456902722,102.22294543010088,102.21442882142556,111.0274121081136,106.7439004522426,104.0577198288178
2021-04-20,102.92725119082591,102.25127323279943,102.30207300829706,102.28695279537844,111.05074448891229,106.71771737555076,104.04636177984864
2021-04-21,102.93504735622636,102.25680777993256,102.3282070649436,102.33558946334549,111.05074448891229,106.73219254056649,104.04103329336031
2021-04-22,102.93608376626167,102.27186561757271,102.38841535586538,102.38987080161068,111.01405841995629,106.7538502720626,104.03930745561463
2021-04-23,102.92159093693824,102.29620655163806,102.32545935562808,102.37483530289796,111.00545845364309,106.75453828237896,104.04651302390168
2021-04-26,102.9192258528394,102.31790949587447,102.27063326618924,102.4537944913484,110.91311487304291,106.76750852578188,104.05772974086636
2021-04-27,102.92449968367184,102.31253247403671,102.33518219684686,102.46814236646298,110.91658024565582,106.75604812610476,104.03548213809204
2021-04-28,102.91907165607732,102.29439247478923,102.33236074681204,102.50195469594028,110.8542472278168,106.6617805914856,104.0475036352504
2021-04-29,102.91064992626168,102.30317916337516,102.36348774131126,102.44822449621113,110.78613622818324,106.6620442464874,104.04196455626884
2021-04-30,102.91020884549728,102.32232273429833,102.38807429405898,102.3785797786812,110.73606445378516,106.62761659621876,104.04105764565092
2021-05-03,102.8863839334056,102.32128304498104,102.38640354981196,102.4205166046552,110.83187619831844,106.6321675903628,104.04105764565092
2021-05-04,102.91057198309568,102.28728180147992,102.38743432809537,102.37061225638726,110.9462477825005,106.69235948780782,104.04105764565092
2021-05-05,102.8850872528489,102.28099868701104,102.3540598694507,102.35501218621164,110.81583161711018,106.77784680542511,104.04105764565092
2021-05-06,102.89098240699342,102.27105458426576,102.29737672453344,102.256378790461,110.7668996217673,107.03084111792852,104.0384281379254
2021-05-07,102.89008943047293,102.2700944036163,102.31716469470491,102.26783185743156,110.80787207667026,106.97884515552722,104.0528617441711
2021-05-10,102.90880642247124,102.28628494011834,102.45576530289114,102.2611203200491,110.7965263195615,106.9971727516095,104.0606750467769
2021-05-11,102.92828493849252,102.28086684434015,102.87037915297846,102.38536931776376,110.71885374758249,106.92073542499509,104.05648610643576
2021-05-12,102.93978965267308,102.23233486833524,103.3276412768938,102.44870389317924,110.67452163309083,106.882496554244,104.0490145019366
2021-05-13,102.93528665713728,102.247069236444,103.19547853909135,102.48938667091672,110.73745863854244,106.90063949702343,104.07548716814732
2021-05-14,102.92622563152808,102.23652836661986,103.2098638189966,102.94441571077648,110.73602047687328,106.83262074311656,104.06458640876664
2021-05-17,102.91983958029124,102.23473976315552,103.23527892007831,103.22644303284328,110.7663095128972,106.83764434699744,104.086819479608
2021-05-18,102.9220611609738,102.22924823754045,103.27674413920998,103.1138996653064,110.79170423756432,106.78997216035069,104.06497254673576
2021-05-19,102.93029498647284,102.22098369326136,103.36139427442464,103.16237349145456,110.77224150656836,106.80561346506312,104.07063967486356
2021-05-20,102.91174503736508,102.20849719374704,103.31205184402369,103.31331006733406,110.80208990987184,106.82828727263004,104.05935223309643
2021-05-21,102.9016247063437,102.27430332456416,103.234909779208,103.31331006733406,110.82503692140062,106.91239511066196,104.05388033954095
2021-05-24,102.90999027613312,102.27563693591846,103.25569374430448,103.2990126547068,110.87494733223087,106.9818327857778,104.07579023487784
2021-05-25,102.91461599809392,102.31102641827574,103.19604227766384,103.2763585872884,110.83101367971685,107.0328796059512,104.05927168799012
2021-05-26,102.89294360550772,102.33951153216243,103.18289333258986,103.22383905493152,110.84157938759088,107.0328796059512,104.06330098047736
2021-05-27,102.87351372416671,102.28431509415226,103.12746032792784,103.27762356304652,110.8326667422814,107.04876818625812,104.05410133690812
2021-05-28,102.86508518689158,102.31782983070798,103.0966276179351,103.28644298843636,110.90593990887902,107.02283525987974,104.06724002017312
2021-06-01,102.8613429185441,102.3232539260696,103.12542640741182,103.5562330232726,110.90990926370596,106.92457504271736,104.070594065235
2021-06-02,102.8726085450796,102.33726749553362,103.13333792454102,103.61629993039136,110.93843571893908,106.97913527702885,104.06603488071858
2021-06-03,102.86219668053845,102.32648796076695,103.22043149277984,103.72550606251232,110.93843571893908,107.00521422770976,104.05809381994597
2021-06-04,102.867659554641,102.33054225706482,103.13885965712394,103.95097337663576,110.86189788007998,106.96383780755774,104.05118138853318
2021-06-07,102.88727609751366,102.32855791210396,103.08937010401776,103.88426779522403,110.85832487110632,107.01163377326375,104.08341136002468
2021-06-08,102.90630985206546,102.32969471936048,103.06844550347812,103.90541093271956,110.890270442399,107.14620167189386,104.07126232113583
2021-06-09,102.9151409136683,102.35678549940694,103.19984669170172,103.43330623424316,110.99211899496308,107.12487949125872,104.08302512084715
2021-06-10,102.93057991758091,102.3837514745195,103.15470101913924,103.39851955485824,110.9919527955478,107.13820877004162,104.0735762311563
2021-06-11,102.91350224313548,102.392046665848,103.16176647788696,103.31337923157083,111.02969570214732,107.23005189957662,104.08552204302563
2021-06-14,102.9226368020054,102.38352899868109,103.18921306001911,103.2395014758623,111.11006780882478,107.25360471273804,104.08552204302563
2021-06-15,102.92279252578469,102.36991212551634,103.21544260176042,103.30332472017108,111.13110553685672,107.1095318035152,104.1008816828564
2021-06-16,102.9495165099537,102.36110343596478,103.29391350823454,103.4240129827247,111.10665047328467,106.95191950245032,104.07757123258892
2021-06-17,102.9747898321198,102.29672916258146,103.34514426170026,103.34955653434623,111.18711514805815,106.9863620148468,104.09255228603556
2021-06-18,103.04889629441692,102.27370802118143,103.34779848726694,103.33283100164624,111.32992794028324,107.09116998864764,104.0857172025362
2021-06-21,103.06590308649224,102.2495125848072,103.35973568623224,103.33283100164624,111.3596777446347,107.08647159493212,104.0536487488369
2021-06-22,103.03620604768876,102.264491271115,103.34226345502826,103.3787492710181,111.37517362280045,107.15193701602672,104.04008602504022
2021-06-23,103.07095082703812,102.26742869830797,103.45720416097112,103.526075777255,111.376648689404,107.19769245961224,104.02238191920053
2021-06-24,103.07866228670338,102.25534200500314,104.28425272529532,103.61761952561308,111.4363529744882,107.19680208479522,104.00661702458716
2021-06-25,103.07260459293872,102.23550215449087,104.26951062864718,103.67792592288173,111.4918185612964,107.15627362943414,103.99895617016
2021-06-28,103.04970236748017,102.22926034863458,104.27030359376532,103.67792592288173,111.56597176163356,107.1277587169019,104.01101602519908
2021-06-29,103.05752476511212,102.21802599056764,104.28444582369536,103.71908127651632,111.56464668779392,107.25834125564396,103.98814151123186
2021-06-30,103.05148204428758,102.24597823710457,104.26418511486798,103.77834587481648,111.4664477853087,107.25682555712032,104.03109511524474
2021-07-01,103.06706392572758,102.25456901138983,104.24306576079898,103.80687880385292,111.45434702385892,107.22881982456202,103.9949966795066
2021-07-02,103.0465159000109,102.28576318468822,104.2569619990897,103.81679693864294,111.44516918283163,107.25697072752696,103.95869244277648
2021-07-06,103.01606052442138,102.30303020984344,104.29405956849403,103.83101611352194,111.28687393173482,107.1939170694824,103.95358797984724
2021-07-07,103.0062934785652,102.33142323593354,104.32951162721726,103.85831386598,111.26662314612204,107.24752575978916,103.94609448617216
2021-07-08,103.0029907059257,102.32644387774924,104.34502498692852,103.829033445845,111.17322191583266,107.27228304632752,103.87038320536934
2021-07-09,103.03209158585858,102.31751885531116,104.4190574018263,103.82330403647782,111.17322191583266,107.27763597266184,103.84644006974732
2021-07-12,103.05469658669595,102.32450384251956,104.41732624095326,103.71785175240709,111.13149220036746,107.29759469961482,103.83036692549254
2021-07-13,103.09089830468156,102.2999274090584,104.39203229045212,103.64624913810306,111.09885368672714,107.30422221712392,103.77319639497064
2021-07-14,103.04779981199351,102.31597592127513,104.42135219030556,103.51459205518844,111.15488351032508,107.29087218665518,103.79862227269616
2021-07-15,103.05226203268532,102.31608450124298,104.4403530211925,103.6990516794818,111.07269060120016,107.42145934362092,103.8437966574972
2021-07-16,103.05608763419174,102.31603842037616,104.53405681251049,103.6990516794818,111.08002019877358,107.41919582621072,103.81326323133146
2021-07-19,103.0626973420043,102.34660294417988,104.53066270542836,103.73479559942795,111.0424938192989,107.40897376000218,103.80831895933234
2021-07-20,103.08002512956446,102.37009053355106,104.5216288471401,103.71684622958549,111.03513026498486,107.3944846718308,103.80870101703869
2021-07-21,103.07400071759145,102.37180188518546,104.43268409071176,103.73700042383702,111.05153881354926,107.3944846718308,103.79644770011951
2021-07-22,103.0796165495297,102.4001876456895,104.41814717530444,103.75274398945405,111.10447197825695,107.49104409835395,103.79729024753377
2021-07-23,103.0763297338859,102.40972567401718,104.43715083037765,103.7506553801471,111.13404486755414,107.50001688492712,103.79568115256468
2021-07-26,103.05985554342398,102.41227314833192,104.41827215122716,103.73070707499107,111.18713213381956,107.57467065142204,103.74544668264708
2021-07-27,103.06651005118196,102.4167913759862,104.40523380334494,103.69205428420469,111.53253234171228,107.53143949216847,103.7650131629952
2021-07-28,103.04756914390812,102.40758736998016,104.40484430999146,103.65608315830409,111.57198964952642,107.57317226729552,103.74949128723578
2021-07-29,103.04306424783547,102.4197443599641,104.41024765976051,103.64237707551638,111.59383465963586,107.50243505596907,103.73867373832556
2021-07-30,103.0190970342748,102.43449740978528,104.40554413489131,103.76175925050674,111.62908726702608,107.49374861090986,103.71875166180796
2021-08-02,103.02801651709106,102.46438929665378,104.41006243112538,103.72283267898035,111.67953433225586,107.52302459414318,103.72472967817832
2021-08-03,103.02195627362543,102.47613829450188,104.38004701572972,103.72461270160356,111.66609398838072,107.53590177779336,103.73326859504152
2021-08-04,103.0114761793994,102.47979581736698,104.33332537840695,103.69282891829404,111.66474660061326,107.5271273595954,103.73945863133032
2021-08-05,103.02319238403312,102.48293900959705,104.33009272913796,103.62609559808575,111.60839688950884,107.59711836312104,103.70761399372824
2021-08-06,103.04456863009696,102.47504781326866,104.45113319554164,103.54684466584244,111.66944265358454,107.4183304229349,103.75340576338871
2021-08-09,103.04075385969016,102.47267162814391,104.46245861228684,103.53965479202802,111.73343297833551,107.36779807318904,103.75261193494433
2021-08-10,103.06804121331908,102.4685342128943,104.44572136128262,103.5459412714626,111.8299868278267,107.37370964297794,103.74526600992272
2021-08-11,103.03804170354232,102.48546737209988,104.44368781289556,103.62814756591747,111.86246060747922,107.33649237455224,103.7378876507004
2021-08-12,103.05830006438102,102.46861653003296,104.47015588936787,103.590874833483,111.88191227102162,107.4048316469293,103.7158266330518
2021-08-13,103.05895808206223,102.46652240162982,104.5949044226352,103.57788718414278,111.86366170437086,107.33592571111616,103.78055489689572
2021-08-16,103.07725225925896,102.48542168910552,104.56855353681986,103.6977549274859,111.88020193109956,107.38165790214327,103.75929045748272
2021-08-17,103.0812432095086,102.48468777224348,104.57851385959256,103.75308143934993,111.90135501678635,107.33047633948836,103.7324415277551
2021-08-18,103.0556397472206,102.49376465852669,104.56096892980736,103.75825900442617,111.92331624335704,107.4081374027499,103.71904938587812
2021-08-19,103.06107780033756,102.50856735219998,104.58613386004818,103.7396982337028,111.9639520625488,107.42716047680688,103.68689145596734
2021-08-20,103.05308905315115,102.50388009335938,104.5915220938217,103.77711851144846,112.05143892833668,107.45481250874622,103.69783621971436
2021-08-23,103.06899025831252,102.50336266529538,104.62757225207442,103.82568870898068,112.08080693596582,107.5308393108226,103.68227496607255
2021-08-24,103.06908179778146,102.49757587905272,104.62784094139796,103.814050916312,112.13403473929888,107.5076966322352,103.67630966982762
2021-08-25,103.06017467062108,102.48098235512222,104.60811105959928,103.80810332339723,112.12405059213856,107.5627543283432,103.66296199665382
2021-08-26,103.0451406889998,102.47792597144144,104.65185572188192,103.7999068602158,112.11311853723556,107.51371501849944,103.68325651004704
2021-08-27,103.0067165585998,102.47716406511978,104.65609305185994,103.8639348004954,112.1326652553028,107.4760918353175,103.65443151561595
2021-08-30,103.00486551147884,102.49472972327638,104.65199012335368,103.8882907306166,112.1791182015976,107.4783810525198,103.63528916178284
2021-08-31,103.0134052965957,102.4208983118158,104.64306241178105,103.93567546461628,112.21767418814903,107.4846070617475,103.6332838737885
2021-09-01,103.01676365751844,102.41911622104104,104.61117407903323,104.05809546712044,112.14709740719178,107.44227881105076,103.6167091406157
2021-09-02,103.01915902259384,102.43223250633056,104.5825097271378,104.07054728628664,112.2237307212683,107.46096931147288,103.60645761860354
2021-09-03,103.00014454174442,102.426749084653,104.58715114493496,104.09042010736307,112.3991647823254,107.44612297569547,103.62735931177744
2021-09-07,103.0144204265686,102.46685430190792,104.58686583551696,104.1004577714114,112.3991647823254,107.43089802683951,103.618975174054
2021-09-08,103.01018440308904,102.46487955744313,104.57981035626445,104.06861139104768,112.45190644660116,107.47067891262316,103.6428739666097
2021-09-09,103.00688968442802,102.39228045605064,104.57306905918628,104.05181101601131,112.23534282515566,107.48572968359188,103.64503769678622
2021-09-10,103.0089338269051,102.37533584048506,104.6103887746622,104.0712284183698,112.45331082459944,107.4508287093399,103.63221838891316
2021-09-13,103.00374325443669,102.36895030801566,104.60167254718746,104.08640917399076,112.5613218681882,107.4788302637102,103.64747847105008
2021-09-14,102.99954834756844,102.36837759918043,104.61270334337584,104.04792777169249,112.72063790583913,107.45617770908672,103.63253663725044
2021-09-15,103.0025492804505,102.3292146930832,104.61946378404102,104.08089457554443,112.72400117628128,107.50692933497676,103.6440233758236
2021-09-16,103.0085294413807,102.31927487209344,104.61946378404102,104.10436333642596,112.80234587474725,107.43482829561036,103.6250995586092
2021-09-17,103.00336675749028,102.30998263545484,104.63221746634292,104.10436333642596,112.8331186185828,107.46496344067786,103.6283203623358
2021-09-20,102.99491806361787,102.29855561705044,104.61935683135252,104.16235468486676,113.06459939581332,107.44020997986712,103.6283203623358
2021-09-21,102.99001299699542,102.29932064789308,104.62207258059084,104.1633970222662,113.17206842310456,107.507110742014,103.6283203623358
2021-09-22,103.03988116303708,102.2919332670134,104.57488278936437,104.18632363880003,113.23417266012994,107.50272449079164,103.56688745135088
2021-09-23,103.08252713835712,102.17693375467648,104.6052108126287,104.1926461385186,113.33781587355524,107.45842526616944,103.56199325432316
2021-09-24,103.13156628557122,102.17588336001448,104.645837177583,104.16454324076254,113.30523308041327,107.38714047675344,103.55833424974898
2021-09-27,103.14703486573464,102.16767871992872,104.67638418124308,104.1354637019279,113.25008406194834,107.3995733615382,103.5541877999372
2021-09-28,103.14745340130082,102.1520949990444,104.77070842278012,104.1230206223607,113.17985603190766,107.50356175882494,103.5426627441665
2021-09-29,103.14314167930188,102.14667583351404,104.75781508753148,104.09931715787395,113.17601115671668,107.54056057489802,103.56085806899716
2021-09-30,103.13309674768304,102.15597425618152,104.85682072245127,104.07205635030527,113.16929994742247,107.53034163059084,103.4572424023136
2021-10-01,103.10675328496556,102.155066405629,104.8518063731545,104.07818010252072,113.17804283406171,107.5152369038398,103.4572424023136
2021-10-04,103.11890307158164,102.1439724309242,104.9189334117697,104.03015425327362,113.16045070431151,107.49938172557032,103.4572424023136
2021-10-05,103.14254811632112,102.13664211098217,104.94595517843122,103.96408955820402,113.1364765587005,107.48195010083094,103.4572424023136
2021-10-06,103.17722668187446,102.13890129963194,104.907051986518,103.92853702432248,113.19534782584122,107.46763453560328,103.4572424023136
2021-10-07,103.21446266928236,102.13388740322736,104.8741819245642,103.94988453135464,113.1820645843197,107.5045653322838,103.4572424023136
2021-10-08,103.24616645638731,102.1058592470191,104.90723213103696,103.91560553809268,113.28019225796322,107.39729358171506,103.46780519806764
2021-10-12,103.32088284668532,101.88461248630016,104.92233614979494,103.90824793585529,113.28019225796322,107.373235663364,103.4380840143184
2021-10-13,103.40527857555676,101.9584048740553,104.88110689154786,103.99084728649102,113.21245086654042,107.40032590142,103.43232050121344
2021-10-14,103.43866813771466,102.0803912324435,104.94644787281052,104.06691987413808,113.1535036887581,107.38842448259668,103.42448330952008
2021-10-15,103.51163723650836,102.01659447284028,104.8441450213721,103.96047358727692,113.1637367425637,107.40269821123832,103.30927507484397
2021-10-18,103.56602145866636,101.9746875302109,104.9047501713235,103.97469271436192,113.07346819255856,107.4123050115824,103.54022141697226
2021-10-19,103.54342193079916,101.97870097543276,104.93076737908927,103.9901199811106,112.77087748613737,107.30952237187128,103.54143251890508
2021-10-20,103.5578968521418,102.06302123240135,104.945420569031,104.03055690308484,112.5457662126352,107.53337020826868,103.56982123370078
2021-10-21,103.71098226504968,101.93775883480517,104.95137287761298,104.0069161523438,112.3057295848176,107.54448264425568,103.5634763295899
2021-10-22,103.7501039693424,101.96477902336105,104.9881017659555,104.03019737659956,112.6178545045492,107.56838641262544,103.55766270432912
2021-10-25,103.69769111231184,101.96285865462558,104.96677261454582,104.13321168641656,112.68857285599243,107.6509385755583,103.55464534533895
2021-10-26,103.71467108985335,101.94211274030054,104.89731256725707,104.1543824873067,112.5963600118092,107.78516967407964,103.56973644080716
2021-10-27,103.84144093024976,101.85704592446196,104.92792744310056,104.14766530721631,112.74278067300352,107.64131783875963,103.57059918453844
2021-10-28,103.82993675675492,101.8338620941383,105.00507088303924,104.19995944764182,112.98406700261744,107.72442922826193,103.589347451055
2021-10-29,103.90677823455722,101.75273300826552,104.96697501319234,104.1882502400062,113.43818605047136,107.61714177393505,103.55536390999949
2021-11-01,103.83980397036667,101.80983708419598,105.05968632534676,104.1882502400062,113.34940560309086,107.56154358819454,103.55068047449107
2021-11-02,103.71387741691076,101.81468243132376,105.05968632534676,104.18833923744566,113.39334757541624,107.55255936170347,103.57608953894774
2021-11-03,103.78696251607208,101.856494710437,105.01735002346004,104.16752757578136,113.2788296363088,107.56190313041051,103.56843475117488
2021-11-04,103.75439022106865,101.97141277680058,104.94455502760916,104.1788911097144,113.28015158124045,107.56190313041051,103.55016327144476
2021-11-05,103.6895790522501,101.92464679608004,104.98282976439212,104.16368552155816,113.22220737251874,107.56190313041051,103.52035934583364
2021-11-08,103.76553184209344,101.95734261921052,104.96146142413288,104.1577698949427,113.16216365623904,107.49983582130524,103.53611656229911
2021-11-09,103.69887266611664,101.94278292101173,104.93915983862512,104.27871933351712,113.06248563736445,107.552516658924,103.55100919725328
2021-11-10,103.89859554323516,101.88749917153534,104.96429462843548,104.29134961718616,113.07131644138538,107.63284333328971,103.53687953692952
2021-11-11,103.9467380668298,101.8630707840834,104.76587385951784,104.25140995514067,113.00508218025946,107.6509131772236,103.50946490457372
2021-11-12,103.9678810878307,101.93726539422931,104.987955949033,104.18201813753193,112.96914078548228,107.73694651971948,103.50492600501192
2021-11-15,103.98053554323704,101.95512328673333,104.987955949033,104.1768104040504,112.96914078548228,107.70263501353124,103.51361168772456
2021-11-16,103.9755330626782,101.9453422949462,104.98395689149378,104.17204349296824,112.911443343604,107.7079604999711,103.53243112037356
2021-11-17,103.93255333415512,101.946537069444,104.93963606421318,104.19186208445,112.86294753468742,107.58935057361572,103.52714829615132
2021-11-18,103.925690998451,101.93985372732595,104.94149673478938,104.13710037555192,112.82931105117954,107.63300920000982,103.49826020213312
2021-11-19,104.02045942613243,101.9196391572499,104.85975584152698,104.13368779496754,112.82199175124958,107.65272199833716,103.5032181009663
2021-11-22,104.16328596182814,101.96338951359267,104.87624890104055,104.398873346246,112.81732883795708,107.70570630485604,103.51156970613788
2021-11-23,104.14807738758437,102.02457711130572,104.89201832117796,104.3806230170986,112.80602249166805,107.83694495963984,103.49388160819832
2021-11-24,104.26919680057613,101.99038901538977,104.86816309738028,104.35665438177664,112.8005528911543,107.78385790844295,103.4708834088696
2021-11-25,104.31866591900774,101.9860053210553,104.86816309738028,104.3557246979824,112.76180188098728,107.79621927722872,103.47035431733288
2021-11-26,103.9355161833443,101.98682125638732,104.84266411472592,104.42242307442608,112.7088531619946,107.73269073752152,103.48399596383688
2021-11-29,103.90099179023592,101.95618265484885,104.86686291050982,104.45033937851932,112.66863936536096,107.73169198790148,103.4551007243181
2021-11-30,104.14663269111068,102.01358493316322,104.89530816002352,104.47282202744836,112.66428245619296,107.53608476589316,103.44463852676748
2021-12-01,104.13990049319332,102.0392839639122,104.91902608171355,104.43889922395552,112.730629011595,107.73344138493972,103.44481273412258
2021-12-02,104.22703843832224,102.0153806400773,104.93379477175736,104.46664701305968,112.76256832867251,107.77504945535088,103.43367047155962
2021-12-03,104.16355167966292,102.01119807119794,104.97441175622086,104.4612798872152,112.77570327772185,107.7300481579057,103.43429160854998
2021-12-06,104.2792950103841,102.03811223403672,104.95644489940442,104.4463184185071,112.82810584152976,107.69456122062331,103.39304840961384
2021-12-07,104.38967610306548,102.08374840601718,104.94403770576017,104.4255193616114,112.86748300213294,107.75394187148552,103.42664960278078
2021-12-08,104.34446899917596,102.07705574504172,104.924107816111,104.4255193616114,112.92036007490032,107.79568998332292,103.42382049418038
2021-12-09,104.3970707531704,102.08485178423604,104.91974242961396,104.40585409825952,112.85963025151248,107.76351328172184,103.39503530479664
2021-12-10,104.38257507501297,102.08336969486058,104.91472624568624,104.38405223794209,112.90579983349916,107.87525937287523,103.3962973841588
2021-12-13,104.34175524475626,102.03710965938284,104.9301632101161,104.33803773531336,112.94853544378267,107.80046036068632,103.38994880404302
2021-12-14,104.39501576439632,102.06458879299988,104.8977504133532,104.3101627854586,113.00474932477388,107.86052614658396,103.34305435848296
2021-12-15,104.51536298263385,102.0669318877712,104.90103012434588,104.28039973161142,113.06521866878248,107.82859764527348,103.34222754726238
2021-12-16,104.55061953687002,102.04548715990096,104.96352349000786,104.23369996749486,113.1261528751854,107.8704723244873,103.35889968385558
2021-12-17,104.60621324804627,102.00367084532976,105.33785569414572,104.23918701242228,113.17569999575704,107.80394652023122,103.38614246068138
2021-12-20,104.61383840209577,102.04378150656996,105.33908144588725,104.20653101075747,113.16708618141776,107.93435115808666,103.42247093091196
2021-12-21,104.63558742704213,102.11586937516984,105.3553265945244,104.20270071672655,113.13671196312632,108.01186360678736,103.39678517711329
2021-12-22,104.66323586848384,102.14139897870912,105.37226135643148,104.2828192304858,113.12263581141116,108.02435325715145,103.4090808169334
2021-12-23,104.69496933175648,102.1797879904372,105.38393745638936,104.29502155091956,113.09716818935536,108.06493902436353,103.37848504595956
2021-12-27,104.69951850608084,102.1431432777505,105.40535047654215,104.28821615754369,113.04613595872016,108.06023789303718,103.37230924262272
2021-12-28,104.720935450158,102.1472122525798,105.40085814771612,104.30380441247289,113.00472995627314,108.11722891729109,103.39849272251078
2021-12-29,104.72896520375156,102.18549674927708,105.40472983472316,104.20738761545938,112.96466758273212,108.19826467223824,103.33071787020953
2021-12-30,104.75266067887,102.17287378298636,105.4074114550189,104.20486787271592,112.91692817009744,108.06902742701548,103.3331656321418
2021-12-31,104.74048642808532,102.1914392918811,105.38726451050697,104.20486787271592,112.90209276281882,108.1580267529272,103.301872774065
2022-01-03,104.7581677137329,102.15913727510322,105.35910976586877,104.12887718065546,112.7592985422072,108.21376663886682,103.301872774065
2022-01-04,104.77240931359916,102.15307751302312,105.36699795011234,104.0595121259501,112.82370771553737,108.24515396899376,103.29643389846466
2022-01-05,104.72544823930934,102.1546628550586,105.3682275390924,104.05256608007818,112.8699799040039,108.3143867295653,103.25871435035576
2022-01-06,104.7522779342678,102.16977540147448,105.3695795671762,104.06320149095554,112.91137258492768,108.33905698381578,103.2296116225622
2022-01-07,104.75849347443456,102.17609961100332,105.36014822633555,103.98864390329165,112.9555028622384,108.3440042499824,103.25004343631988
2022-01-10,104.75584954165215,102.18952173885376,105.38465172691022,103.95623473671012,113.03799692670972,108.37682662060595,103.25366763635029
2022-01-11,104.7619746239321,102.18408759001542,105.35339612806658,103.88609788232624,113.05926702469506,108.36654645437687,103.24543461716486
2022-01-12,104.731420150191,102.2374645350758,105.34193585611776,103.91856882146716,113.09112421167936,108.39884314850674,103.2354171115062
2022-01-13,104.7712305081083,102.2725051315698,105.31927922239986,103.8082714273896,113.12677389436942,108.27635048486022,103.23279299081072
2022-01-14,104.68517774677473,102.19731542317672,105.40729656053549,103.81906954403983,113.19159159439997,108.26083221257224,103.24479704999092
2022-01-18,104.55521490791456,102.15990346886385,105.40105214826433,103.80076796726844,113.30221970253254,108.38319062252846,103.45271785145933
2022-01-19,104.57877989186402,102.21244883260243,105.40407536409872,103.87355567588878,113.31583528706405,108.27313467668836,103.44539276476957
2022-01-20,104.61995617499848,102.2468490641822,105.38985653473485,103.91775293235035,113.3611585033909,108.18856762196876,103.45775989017427
2022-01-21,104.66595519033312,102.28448384766,105.3787179961255,103.9715277315618,113.37822137659728,108.22876704208724,103.4483407767914
2022-01-24,104.73386447281923,102.2933291503258,105.37001576869292,103.97915251027112,113.4208730080631,108.27609568448185,103.49665533192208
2022-01-25,104.61694090410722,102.31777925261902,105.35790121734765,104.00174951124998,113.50657724575646,108.26470688710556,103.48371435321036
2022-01-26,104.151381762894,102.33402932173252,105.4162637039479,103.92447509733704,113.54711409253645,108.26059510850855,103.4850606618073
2022-01-27,103.9470914862066,102.4209340522416,105.3304405151551,103.80912396834836,113.60957379776237,108.43232203212916,103.43524039654226
2022-01-28,103.96412334152612,102.3995200681198,105.39811230150244,103.85970055233598,113.671680824097,108.46344839203694,103.48428009255537
2022-01-31,103.78563240132748,102.24835483166936,105.37194227995226,103.86851399382742,113.70107302921542,108.41943340456824,103.48428009255537
2022-02-01,103.92220143781242,102.26508424386267,105.36761081044092,103.8121691480548,113.71787569511658,108.41875601812308,103.48428009255537
2022-02-02,103.95140511186617,102.21091442129296,105.33745163656738,103.74616225659985,113.76294794357142,108.4912379423246,103.48428009255537
2022-02-03,103.80057003780144,101.93862723786668,105.31754561357542,103.74577001645665,113.81214889257762,108.4830532504042,103.48428009255537
2022-02-04,103.42844322683489,101.63229539245052,105.28609051248398,103.72318094845868,113.89395306575284,108.53786665813728,103.48428009255537
2022-02-07,103.50813791461924,101.76403139941112,105.28609051248398,103.70568138389382,113.88465000955436,108.47049556891308,103.4563592054772
2022-02-08,103.38182078062464,101.76251529481162,105.24773382469036,103.67208866135692,113.98123641045092,108.67123127373586,103.46136990264036
2022-02-09,103.30863014069172,101.79847113212392,105.21041815001335,103.65444179482,114.03275074270243,108.74000453114904,103.44428653060052
2022-02-10,102.75373617909688,101.57317034888396,105.2386151949257,103.65289625273554,114.14276201291248,108.27017950959376,103.3812260028788
2022-02-11,102.72386981070711,101.68238251945158,105.32512098569096,103.68653844244687,114.16979995215544,108.2546714433004,103.6172383190546
2022-02-14,102.66563409100031,101.72337487188352,105.345640875555,103.6921700461232,114.23184828066223,108.40922114297916,103.61091360883616
2022-02-15,102.68909038733707,101.77546715203376,105.340767231814,103.68770616953948,114.20616849490956,108.3145964930403,103.61781570840957
2022-02-16,102.82778119170992,101.79491792696253,105.3377318920783,103.78125246755204,114.18997213553122,108.21391259836912,103.6079392348894
2022-02-17,102.96113652426963,101.87354491449076,105.34053858213392,103.76184386496068,114.22182371765174,108.16831771232178,103.590232158746
2022-02-18,103.00740751472348,101.86919676352196,105.34984885388764,103.71522221480993,114.218723815962,108.26130862402954,103.58508203255565
2022-02-22,102.87841858217072,101.89060203777431,105.3493016556081,103.7418377028142,114.29682847436368,108.1770743630262,103.65617772304516
2022-02-23,102.85932633451804,101.89859063266512,105.35813476258016,103.74414787607265,114.2623815698322,108.17120381261633,103.59073260961227
2022-02-24,103.01571631082858,101.8909198612349,105.34815002382103,103.75244067868564,114.33770693942218,108.19403773713422,103.62956762563832
2022-02-25,103.1278015728268,101.98755844507006,105.36485493500818,103.783827468994,114.34433837061616,108.25386476853738,103.60551042469662
2022-02-28,103.31706789080864,101.91097715104284,105.34627645034692,103.81775061063676,114.34433837061616,108.1819348363753,103.59451433451368
2022-03-01,103.3896861272992,102.02736581113795,105.32703654778736,103.77120531351606,114.34433837061616,108.1819348363753,103.55752568780144
2022-03-02,103.1350302271064,101.93654804977784,105.3563506565071,103.77690574802403,114.5204547868828,108.26112578199384,103.55248922872045
2022-03-03,103.1652661111498,101.83363828869558,105.4308072261768,103.70626084709072,114.63756039894412,108.35182474748186,103.48943727323874
2022-03-04,103.17111429701602,101.79761145869372,105.5386042638911,103.65077667183304,114.8234375535008,108.46672598611732,103.50919910509496
2022-03-07,103.1607751733213,101.65804701747668,105.68796334904692,103.63724106159384,114.93176115014477,108.60977089268044,103.53830167585376
2022-03-08,103.16074425057369,101.4880754260506,105.7417477565981,103.60738738978938,114.93750805572913,108.61928627174537,103.56394525039168
2022-03-09,103.12761479709296,101.3251822481742,105.7440384268951,103.59245836684818,114.81078165947712,108.66891017989188,103.580143798385
2022-03-10,103.17366312800873,101.1820555276988,105.7072246574622,103.56464679337378,114.90967596311366,108.64776412786,103.51443101183496
2022-03-11,103.14622595345702,101.2538223411796,105.70999520627238,103.58591599549032,115.06297389759052,108.63500817936972,103.58984388084956
2022-03-14,103.16374741330333,101.22286576108716,105.67818791667789,103.58047890734898,115.11951965524284,108.58870163167072,103.67703450478314
2022-03-15,103.19521657365635,101.21931866897388,105.71120987526872,103.49850081858104,115.00417099133443,108.57909449310444,103.7425969670297
2022-03-16,103.12510887811976,101.19519639447851,105.72722824644872,103.46007769740076,114.98710016067432,108.56336277458058,103.65040679685642
2022-03-17,103.03325837307548,101.36344461042796,105.76019755143686,103.3679392256919,114.94849178591376,108.7091663733094,103.68594804100356
2022-03-18,103.01225392482824,101.31215565003652,105.70870846604396,103.3564258601494,114.92598000869584,108.66477766196148,103.69145604254297
2022-03-21,102.97950567554965,101.16907345256978,105.70870846604396,103.44707743898287,114.95756131417394,108.63951734801762,103.71101461601778
2022-03-22,102.9542466880962,101.14001442557226,106.0161771221114,103.50033552401683,114.96493259135684,108.61353997007164,103.6347729025166
2022-03-23,103.00565084700897,101.20249914721369,106.09707833528464,103.54871585163006,114.9404351775369,108.60948183307576,103.67731086726933
2022-03-24,102.93211761516956,101.18557003255988,106.0624879265814,103.5533181964109,114.86066611528696,108.55141796706812,103.6748681875736
2022-03-25,102.91609763513269,101.2634480169839,106.22275621181532,103.5933088898356,114.78256867700875,108.58043127977494,103.69539288992222
2022-03-28,102.91074310982336,101.31288990007718,106.2061080054739,103.51804697758284,114.74711111175392,108.48451117019697,103.69083488170084
2022-03-29,102.88372257421668,101.30826647899134,106.21035050766608,103.51922340513752,114.70030477048164,108.48430793032551,103.699369713575
2022-03-30,102.8967038026785,101.31971859507333,106.17887852792698,103.66961419971013,114.71060566108638,108.53145682816796,103.72961348690552
2022-03-31,102.9118748018444,101.28877339734854,106.16622292582396,103.70149894745568,114.69861876747862,108.62301250458276,103.64913858194986
2022-04-01,102.88354421866327,101.29045285960908,106.25566919272777,103.610489483058,114.68991091515454,108.62301250458276,103.64389074526092
2022-04-04,102.94712034681612,101.27050970077552,106.26750582975843,103.61398578300556,114.69144559014424,108.6178511491892,103.64389074526092
2022-04-05,102.96920138473956,101.42859229815228,106.19594352655172,103.6249405417402,114.7210298754854,108.61971677966456,103.64389074526092
2022-04-06,102.95819238638356,101.47436185137649,106.15035910912188,103.561577175245,114.729137579501,108.621746071924,103.66199270763798
2022-04-07,103.03442246342236,101.5565212347701,106.1018453242915,103.55550642768326,114.71263741399606,108.7446402367906,103.6643233555667
2022-04-08,103.02566495045838,101.69116269299457,106.06764816293123,103.40843232721112,114.77026010334107,109.29656099966124,103.64451888311493
2022-04-11,103.05048695909802,101.82340641492014,106.04052159837968,103.37015626609268,114.79819048610312,109.21452826123334,103.63315260188595
2022-04-12,103.13519390504123,101.78858673568423,106.06201865566388,103.41901810659591,114.79169966352192,109.30141221876588,103.6583764201574
2022-04-13,103.24806727377664,101.84758128973364,106.11530852321556,103.44434896636432,114.78042529046392,109.47519366589448,103.69287455817182
2022-04-14,103.21101202156112,101.67657581821798,106.11530852321556,103.35791581640372,114.94229874155243,109.47519366589448,103.78570157200475
2022-04-18,103.27434024554516,101.67657581821798,106.11427965872804,103.39251185855127,115.1485257840966,109.45219720777742,103.90101952227052
2022-04-19,103.23330530061084,101.62018337450014,106.12012209185092,103.42447824581808,115.09843686098073,109.43174105219298,103.98058561167464
2022-04-20,103.27418043278983,101.68739964717426,106.11558680854264,103.4085606580079,115.05738173255592,109.4094655393709,103.96242932711093
2022-04-21,103.2747735226846,101.61551210955533,106.12782465648208,103.37497164004849,115.05738173255592,109.42525564598964,103.96271187098564
2022-04-22,103.17681433195152,101.57763861174163,106.29909029919256,103.31943908800687,115.01785852646228,109.4607223015046,103.94834933798052
2022-04-25,103.23285924789612,101.72710604237132,106.27776049571422,103.36606311280502,114.98411162595026,109.41381163071556,104.05149799872896
2022-04-26,103.37883358609892,101.7702830078021,106.28080995581776,103.38414440671902,114.90739907637794,109.35601015522154,103.99958470551236
2022-04-27,103.3147852897104,101.771390551672,106.23896978206662,103.39382712880068,114.80122151486567,109.41962404407604,103.95721669699816
2022-04-28,103.46309647283104,101.56591224172756,106.20781631076656,103.37254074321017,114.74518694651094,109.47122686464806,103.95437048764148
2022-04-29,103.3584093345929,101.39571753553112,106.28271287270022,103.37804267752855,114.65901661276888,109.57219542191716,103.9443237557952
2022-05-02,103.44698219037902,101.3221337487447,106.27091141195524,103.34433167070172,114.69514313902114,109.57219542191716,103.9443237557952
2022-05-03,103.44766994613964,101.27428609034637,106.24527553930248,103.34341235816888,114.63375736143362,109.5705141274364,103.9443237557952
2022-05-04,103.51918749415418,101.30650152100748,106.19347296434054,103.32366564715484,114.46531676202358,109.91618444774625,103.9443237557952
2022-05-05,103.44954959274509,101.23433699153112,106.20518067964515,103.33241925592829,114.68298759153636,111.96063225206548,103.98401409249928
2022-05-06,103.40530181353624,101.04914356736194,106.26852993209172,103.09695012745703,114.77024653987122,111.930759292738,104.00588807214211
2022-05-09,103.49900922111286,101.01428105876953,106.27834238953204,103.07256783030982,114.71951893299396,112.01833288605955,104.03617068786208
2022-05-10,103.40985672989515,101.151549526767,106.2361978293552,103.10482899303396,114.66301681369416,111.95591419719486,104.05746731212568
2022-05-11,103.3938474804745,101.24994440636785,106.29374883650596,103.14749747778188,114.7290984173358,112.00607575114633,104.043869234968
2022-05-12,103.37543208235766,101.40849338105896,106.33444719796104,103.20231933135042,114.79415126791986,111.98094454866734,104.10427034590906
2022-05-13,103.36773979901372,101.33155516603529,106.41367156134224,103.12036006031772,114.85528912283274,111.9600316832472,104.15747847141954
2022-05-16,103.42883112027496,101.28819891946137,106.41998955141328,103.12183611653106,114.70469636165626,111.9600316832472,104.2103893347916
2022-05-17,103.3495976617744,101.09529265889232,106.36331050248988,103.07085994732284,114.6976088059268,111.95738264097264,104.22703656250668
2022-05-18,103.41263295892183,101.0443334045052,106.36310655348082,103.19198486201908,114.6594176744084,111.99931756547996,104.1492721600445
2022-05-19,103.47878486830312,101.04960755512312,106.35574586136754,103.1443663087874,114.5970698995743,111.9783232693932,104.15508483604611
2022-05-20,103.5505799877226,101.09786877081748,106.26351346719198,103.26656931677898,114.58683412518133,112.01569141686318,104.21644981365404
2022-05-23,103.59949663264044,101.06119426201629,106.26351346719198,103.32932278578735,114.56449823630004,112.03353014831735,104.25859028100407
2022-05-24,103.6764311101449,101.10366718616662,106.21785495590797,103.33342622739124,114.81717783040864,112.02442228145728,104.1868132107363
2022-05-25,103.70546129256677,101.09179639835612,106.23098049159958,103.29708842270476,114.8334633683372,111.993170110726,104.1638341052876
2022-05-26,103.78729646362017,101.10531225137078,106.08633874757128,103.24372751993252,114.7404182454622,111.95161683039882,104.26634293799002
2022-05-27,103.82210304769706,101.12171735566716,106.12407451558754,103.3013489828279,114.70190414380292,112.04692836108325,104.2378459316365
2022-05-31,103.79734006800038,101.0130449448196,106.13341515166496,103.3050904252179,114.8148946235192,112.03167508555585,104.25136449987028
2022-06-01,103.81154890133256,100.96607345833972,106.14333552305078,103.33503675070088,114.92493775177248,112.04209844390984,104.30442876250456
2022-06-02,103.86586767714314,100.8983863692882,106.17568620058287,103.31169670452698,114.92420302268182,112.04051409491088,104.24736947229148
2022-06-03,103.8937608441621,100.85440477752871,106.14037411174144,103.3269100799679,114.9259204859072,112.138822995989,104.24736947229148
2022-06-06,103.90784732564062,100.83171532693352,106.12793458302195,103.32888811338898,114.93533537904814,112.15632918181912,104.216241363775
2022-06-07,103.9942405448989,100.84424994478456,106.14574504223,103.24547060405992,115.06804760346216,112.10951533382176,104.24198593741218
2022-06-08,103.99775964247242,100.80075877231428,106.10642620915462,103.19169211856176,115.10936059051112,112.13389324050634,104.25278648500766
2022-06-09,104.0906936644717,100.67021339943796,106.12451271659758,103.08694545740728,114.86077427316866,112.13603928514632,104.22767559819344
2022-06-10,104.0212986910268,100.5543790179156,106.00435657453768,103.0465193643535,114.8685661122612,112.14382505643007,104.25152086587433
2022-06-13,104.26734470881873,100.441422707915,105.9025147419453,103.04742051357668,115.01049140694352,112.3366333484436,104.25290012072357
2022-06-14,104.33502308897611,100.35028523066308,105.80951816896366,103.03696526598227,114.94710930106282,112.32454831776604,104.22255894992168
2022-06-15,104.49735562229051,100.4724775056648,105.87051440793758,103.03301826883056,114.97213994013534,112.3382716274659,104.2214721106677
2022-06-16,104.49200822486536,100.51808948996946,105.7429215544574,103.10423344218664,114.97213994013534,112.32616252413408,104.2251938101802
2022-06-17,104.46001694227884,100.63472983741195,105.84477476823896,103.11459145540454,115.01329693101354,112.19769667552512,104.21533067729985
2022-06-21,104.36688826872332,100.6332693136056,105.82244650540798,103.11459145540454,115.03383425313218,112.15449248735952,104.19472813697976
2022-06-22,104.39640681333763,100.67965676884184,105.83443939480664,103.08967501562958,115.01742433687056,112.12948693603964,104.2211872286532
2022-06-23,104.42430773553436,100.8040527922065,105.8486947174532,103.08028078397832,114.97795430744348,112.1112853597572,104.18999318625345
2022-06-24,104.4895339654208,100.83814618342424,105.81860366336096,103.07390268669418,115.1533251439977,112.13586195276308,104.24454311050371
2022-06-27,104.478347545419,100.77419200337351,105.83480273133333,103.07390268669418,115.19784870755907,112.13824417483212,104.19685505540508
2022-06-28,104.47592733809898,100.7000177729987,105.8376191283266,103.03534925581543,115.38850716765812,112.1574477248827,104.24463971230942
2022-06-29,104.58481770468536,100.73861677882492,105.83038293549475,103.04853794850834,115.34867867348412,112.12597148122455,104.2737888028738
2022-06-30,104.7769769058612,100.8559740116866,105.80162712882505,103.04874569651588,115.36656819376287,112.09421351563782,104.27113494682858
2022-07-01,104.88217452426424,100.99643495300688,105.7979718742626,103.05576930990428,115.32804929982814,112.0545120053346,104.3199336607735
2022-07-05,104.94909207876844,100.99452553068812,105.84218695274006,103.07650804016272,115.27208699747808,112.0186724100912,104.27960170888728
2022-07-06,105.00696959090496,101.00219553423663,105.80420928028164,103.07262121033902,115.33724150142427,111.9735934561856,104.30692071750131
2022-07-07,105.10942005486504,100.96757779704636,105.8314791297481,103.0927437808269,115.35607715056608,112.0194012288562,104.3262687762529
2022-07-08,105.09365687591996,100.87768167005191,105.71829642047372,103.1057886601202,115.3312331668577,112.01473139897502,104.33261430139328
2022-07-11,105.23295375876609,100.90652350051695,105.70431287430786,103.139812516617,115.47218951802512,112.022280718371,104.33261430139328
2022-07-12,105.27121654360796,100.99050896487196,105.71017969873186,103.15290859497016,115.39569398704528,111.9353128393144,104.44806346877417
2022-07-13,105.30544938455392,100.94652227428922,105.64404225244246,103.16264747462068,115.39389499421138,111.85326143626222,104.45522034969952
2022-07-14,105.531911803082,100.87959231387272,105.60931361740622,103.23535273437744,115.37364092076324,111.9267991367577,104.4091331688538
2022-07-15,105.60664768292992,100.89921681006994,105.72889170562604,103.17648757354335,115.31533529019188,111.94292233891528,104.42984303869817
2022-07-18,105.64828741584472,100.88637076157852,105.68975129385584,103.1511849652942,115.3589059165993,112.07063850100224,104.42984303869817
2022-07-19,105.67341418844624,100.83880952053738,105.68927950539046,103.15251371829235,115.32939739191504,112.06500232598351,104.44719928608131
2022-07-20,105.7394436753062,100.80414659691952,105.70182760021515,103.18877210506432,115.18752595138476,112.05921323381295,104.46783655007434
2022-07-21,105.9359082779303,100.82405026306569,105.7381013711514,103.2069560921165,115.24064780385422,112.06499427824772,104.46372322727817
2022-07-22,106.027837586319,100.93958876272612,105.69901124849096,103.20951165085675,115.1273904184448,112.06892858396093,104.4577213301605
2022-07-25,106.06476359579511,100.99522033372313,105.72224345886828,103.17264712409252,115.08512794932982,112.09669944729978,104.45183745552823
2022-07-26,106.11289210314116,101.06904182228224,105.70766846241416,103.13796586799306,115.26285024955423,112.07356497273496,104.47970866171624
2022-07-27,106.07539614737304,101.0570981499791,105.69739263237328,103.09492208273392,115.16484536110332,112.11572986163654,104.4698612253386
2022-07-28,106.05300614578336,101.0573041556221,105.80323222328416,103.01702069942496,115.08074824364492,112.04692761743593,104.50438618289158
2022-07-29,106.03078021089505,101.05380153793718,105.73878954118692,102.9943803910394,115.06344630870626,112.059142703186,104.55799500919645
2022-08-01,106.10865931986406,101.07062731366372,105.73292833316398,102.9729588835116,115.09309917343928,112.02880701624969,104.60550216967464
2022-08-02,106.12712685096464,101.06893590470634,105.64050325017156,103.06510265808872,115.09551281989305,112.04123776278638,104.64748887593385
2022-08-03,106.17273949547388,101.045061857744,105.64909066731909,103.09502239801212,115.10107974980608,112.10631508214392,104.79534144222607
2022-08-04,106.12784158111025,101.08962370192305,105.64911663466638,103.05235903467523,115.08732599266922,112.0379847105942,104.78876823770284
2022-08-05,106.0456787966709,101.07001203544826,105.612723772214,103.06912154562713,115.0682067665169,112.12292793083908,104.81706681364078
2022-08-08,106.1102207411922,101.0688752116048,105.62662895415193,103.07739558177298,115.04759252702112,112.11673415696217,104.83118570416774
2022-08-09,106.099762223219,101.08188472987536,105.53372617092649,103.04660731589404,115.05695744419327,112.11673415696217,104.705495031764
2022-08-10,106.0718540990625,101.08320913817867,105.55661458450764,103.00950175094754,115.06134835046602,112.08761078575648,104.6520198608011
2022-08-11,106.0142138690159,101.12247915934812,105.52825055247696,102.99613632416676,115.0375785118852,112.0258050707504,104.62135424398107
2022-08-12,106.0185176679188,101.1470336728413,105.54213292991484,103.0122081207976,115.0710770479478,112.03319271827124,104.61819487896152
2022-08-15,106.0036370769008,101.06902135974732,105.55306799560992,103.0122081207976,115.07240856825392,112.03319271827124,104.70665386251969
2022-08-16,106.03610008579328,101.1102034622785,105.546075488443,102.98660051767592,115.09885234787696,112.02895666639058,104.75189498627545
2022-08-17,106.05015415637882,101.24833229308769,105.51941224985616,103.0424873046634,115.06441467714468,112.04713851827556,104.74688369724178
2022-08-18,106.06149181697246,101.31219653584078,105.49684816476328,103.09587280532908,115.03501016493772,112.0234004989898,104.75396248746624
2022-08-19,106.062982463838,101.40507239363868,105.41984635984107,103.12719773725216,114.99638092646283,112.09456048567412,104.76193943890009
2022-08-22,106.1106118634429,101.49618126169852,105.43478900895924,103.18367590243729,114.9991850738092,112.07587312410244,104.72948512693816
2022-08-23,106.06453065566468,101.53622857916815,105.46187880180116,103.13203040335416,114.99643675000809,112.06692690725345,104.70895518210584
2022-08-24,105.98507081882612,101.62175257285584,105.4557489248516,103.14431194756848,114.9830907000004,112.05399191995902,104.70469947609364
2022-08-25,106.121392168286,101.57095772653688,105.45978929221394,103.017216523114,114.97347204535144,112.02833354084927,104.69080863997442
2022-08-26,106.20966698660934,101.7315226209472,105.43602029590316,103.0079737779794,115.04367726160174,112.06380495988834,104.69544992879112
2022-08-29,106.10413055610935,101.89348118875448,105.4394307910925,102.99781437393634,115.00711749828412,112.06889445248736,104.738712409858
2022-08-30,106.19534202057513,101.9479081738636,105.40994774318064,102.9379142282222,115.02898602229985,112.04998900372682,104.72355335549264
2022-08-31,106.09923142307682,101.97039738292824,105.40947237016653,102.84564759600518,115.02796019455523,112.04998900372682,104.77501032198646
2022-09-01,106.108443878689,101.98121815861528,105.42631426031411,102.84638528002816,115.08314790418646,112.05408919738736,104.75448178704984
2022-09-02,106.19788474046136,101.92745213634052,105.43030111334816,102.86805409121324,115.08448528464534,112.13488330321856,104.76936488933552
2022-09-06,106.08850527947004,102.03933603216628,105.50499713290466,102.97062850288394,114.98373495099956,112.15449256078244,104.7606927606477
2022-09-07,106.16527804470586,102.0525543521142,105.4882778480301,102.94238861481496,114.98373495099956,112.14339764982924,104.77944743260755
2022-09-08,106.14251793454574,102.14696504585808,105.45773952846172,103.06832567604508,114.97675619538374,112.13542438273028,104.74933218608196
2022-09-09,106.14199133111076,102.1579005857942,105.40211043692612,103.0301527755153,115.04640814663122,112.1301242217408,104.75996816551536
2022-09-12,106.11040148148494,102.15910509198018,105.4001948496842,102.9688998833997,114.96380563679328,112.16952023088392,104.75996816551536
2022-09-13,106.02731122884126,102.1906404234252,105.63934860486864,102.9785356647226,114.9408565018117,112.10923264405947,104.74248608091332
2022-09-14,106.0124939815751,102.21376532551234,105.62759412648258,102.93492079332106,114.89458302563082,112.15789936348624,104.74799059006456
2022-09-15,106.02122041115572,102.24276798523184,105.56462450905288,102.95841501093336,114.8874891725202,112.14282438937512,104.72134058057148
2022-09-16,106.05465447071988,102.25042182798788,105.57072264441796,102.95841501093336,114.9089716484824,112.20985881656368,104.69864296642712
2022-09-19,106.028797202683,102.29150154859316,105.57821236821712,102.95841501093336,114.88266210038466,112.23223721776507,104.69908315420793
2022-09-20,105.99402821456368,102.32605867584994,105.61085451677356,103.05690700356452,114.89843074018324,112.26246962094646,104.7032904033142
2022-09-21,105.98716660575803,102.36191506751958,105.59776856247969,103.1515343307432,114.87317404160336,112.27876691806358,104.71146756006723
2022-09-22,105.78153695209188,102.41446712683108,105.73606858104436,103.26849126665448,114.98680569861864,112.46715559149942,104.67188467696812
2022-09-23,105.82494303212316,102.45351632902188,105.84945331993872,103.35000605093704,114.98828872590232,112.49422037459831,104.6887414267103
2022-09-26,105.6085708390588,102.57369413647557,105.9170473766698,103.46853486116778,114.95795417272876,112.45519613171976,104.70078468821735
2022-09-27,105.64132823082667,102.6706395217465,105.948012773692,103.42543653067808,115.0396815759834,112.43768948623946,104.6735898833671
2022-09-28,105.76917708153732,102.61933147159004,106.03426328131764,103.2292085514439,114.99959489775937,112.44160457071747,104.69626437040144
2022-09-29,105.63634867406697,102.58126443072751,106.01236794351054,103.30579021182594,115.05009973443134,112.4796769269255,104.74342179127778
2022-09-30,105.58705693844716,102.65295346752087,106.0483457580699,103.177598034316,115.07894664846444,112.43488112571586,104.80925759621948
2022-10-03,105.74602938468894,102.8755958726852,106.03617752868472,103.0089608003618,115.06600173825376,112.41561756855,104.80925759621948
2022-10-04,105.72927215128752,102.90420010814027,106.02687873821084,103.00125618196454,115.08650436661132,112.37904990003942,104.80925759621948
2022-10-05,105.59301453737362,102.86378869240733,106.06678428691812,103.02010079622626,115.07955649055606,112.37904990003942,104.80925759621948
2022-10-06,105.53796659505056,102.969531252664,106.1274119722874,103.12764105729929,115.0817495672232,112.3727054763766,104.80925759621948
2022-10-07,105.48534470360542,102.9816217139682,106.11607419042588,103.06525625671507,115.04687560422111,112.41573971523948,104.80925759621948
2022-10-11,105.4221923945702,103.04046013592472,106.1505335231432,103.06525625671507,115.04583387405044,112.54371935311585,104.83712970981844
2022-10-12,105.41321186109356,103.12667072696976,106.17734443698654,103.09658661998628,115.04583387405044,112.60590323488836,104.81580548236158
2022-10-13,105.2907964912008,103.16408866716758,106.32744826390822,103.09719363631496,115.06110217467406,112.55179711578636,104.82866620913482
2022-10-14,105.26163994205557,103.17693434454898,106.46702957464616,103.1725749131002,115.0649320559736,112.62554936152776,104.80522161949462
2022-10-17,105.3067932215534,103.19816255423962,106.50933106895684,103.30719697726788,115.05445938568594,112.71199550582128,104.7961633621674
2022-10-18,105.32553943685194,103.2307271577219,106.53200955076684,103.20828266349288,115.09336551545243,112.69965410279003,104.80768767327508
2022-10-19,105.21468269846837,103.28516820328495,106.52293916056712,103.08786066928744,115.07282702676788,112.674415379551,104.7894235999352
2022-10-20,105.17432764368029,103.28634406306196,106.58381083931344,103.08780547168143,115.0785144420396,112.6831397943392,104.80794451869424
2022-10-21,105.26408087415751,103.28114677082284,106.58985383480392,103.0953650640874,115.06596219834486,112.6678915880492,104.79072108548868
2022-10-24,105.23590455560506,103.2609660414644,106.57417596682993,103.13764115315529,115.0624781710109,112.6678915880492,104.80217360774152
2022-10-25,105.361215400961,103.23055640805848,106.57546708241642,103.2505232181692,115.07495718366908,112.67488046334228,104.85635223896593
2022-10-26,105.47712277665518,103.20521168526656,106.57338208208633,103.32805383478696,115.0351671956205,112.67488046334228,104.82408493429548
2022-10-27,105.55437313337625,103.13552591206395,106.5726731651986,103.3351346023224,115.00837990954996,112.734778674061,104.80478662188608
2022-10-28,105.49218392232922,103.29691899718472,106.57384154720584,103.43582447946496,115.0127289812438,112.78953957872052,104.7717828109792
2022-10-31,105.46531210676326,103.34316082477996,106.59257642177032,103.43582447946496,115.02573250652266,112.72755706719737,104.7652560051094
2022-11-01,105.47341926333551,103.35360079723938,106.58571279421902,103.43582447946496,115.0223430984489,112.75347337864328,104.8241479696634
2022-11-02,105.4350455083876,103.3743242885691,106.58571279421902,103.48586440156646,115.0223430984489,112.75149596102072,104.8494367113547
2022-11-03,105.40652195273364,103.47160068032288,106.56717120846577,103.38275711699184,114.98292654465284,112.63241048987038,104.82428875821893
2022-11-04,105.42271805242731,103.50844799270575,106.56477622097871,103.4291320889289,114.980254797489,112.61724232829626,104.81397821930014
2022-11-07,105.3936669171678,103.5211539374596,106.53363747964704,103.4291320889289,114.97452682417295,112.61781444995488,104.870205835961
2022-11-08,105.49916512643046,103.49270206617534,106.57372316264522,103.8274284675344,114.96073414304986,112.62166119451436,104.88749505127916
2022-11-09,105.49175917326032,103.42065603157238,106.54722671787935,103.9230204691368,114.96466902017106,112.6127801278856,104.94284549424492
2022-11-10,105.74831768802244,103.33419866234036,106.56298331761975,104.02198077393224,114.67129209640224,112.6898569480142,104.98518913838456
2022-11-11,105.7559003832414,103.4070767459587,106.56298331761975,104.02559068565078,114.755552153792,112.70184847530282,104.99237701101764
2022-11-14,105.7536875784336,103.40139269289928,106.61199783057866,104.02559068565078,114.75717015785035,112.68330122789376,105.0923640886982
2022-11-15,105.8522503037516,103.36130215148648,106.58478950749956,103.96840865913684,114.75717015785035,112.72319443349316,105.13705228719624
2022-11-16,105.95926319058006,103.33380688517866,106.56662741471015,103.98454078595712,114.72884695114465,112.74408285341508,105.23677096059804
2022-11-17,105.93489135805528,103.38151431785492,106.49295530367483,104.02293855154284,114.94609894873211,112.73841873194282,105.10515476549284
2022-11-18,105.89300630645825,103.39759996941838,106.5779682689882,103.9890558407545,115.06864191749096,112.70679512449982,105.12402788716584
2022-11-21,105.92641977364794,103.39282047792302,106.5779682689882,103.9890558407545,114.87223963707991,112.7639449816863,105.12851111340562
2022-11-22,106.03189032209444,103.39542376169192,106.58581927082274,103.91402742999568,114.97022200022695,112.8111886920156,105.08470887059032
2022-11-23,106.110284309017,103.38759201165044,106.57718783589452,103.91402742999568,115.12495688504794,112.81032600419154,104.95345325783126
2022-11-24,106.10823060500532,103.36093935929516,106.57718783589452,103.91402742999568,114.87506056778282,112.77562796241337,104.96387085827484
2022-11-25,106.12494136638672,103.4180867785771,106.5901940431124,103.95191983381112,114.95567205791956,112.83702367824752,105.09053135420892
2022-11-28,106.12367157093358,103.45450227523432,106.59818754533929,103.94751922458734,114.92809301824072,112.80541958466958,105.1908403730368
2022-11-29,106.10598300715024,103.42183663085424,106.61718089516962,103.93033289424228,114.55965889147971,112.82375960337964,105.22586679934412
2022-11-30,106.17035980183132,103.4408284737978,106.58594915351662,103.9062733834945,114.42968007032547,112.83806082148593,105.35672827055996
2022-12-01,106.23479870835756,103.33549132778823,106.53081646406662,103.79173676675826,114.46787384940656,112.80336023128868,105.18901465085646
2022-12-02,106.2544403611547,103.3595212062913,106.49229891780789,103.87805093905608,114.41209083183284,112.80568256016048,105.18500424764446
2022-12-05,106.21932733186269,103.37586120466229,106.5382488063884,103.8585304354476,114.5498322481429,112.82957403056724,105.291532252761
2022-12-06,106.27405976142916,103.3754528102904,106.54710016294092,103.80576343363964,114.56032452683112,112.82354850406496,105.43827913563682
2022-12-07,106.33461270081494,103.37042910748268,106.54804600788414,103.81261016157748,114.4595456007358,112.88621522073434,105.32854820891444
2022-12-08,106.25341837514884,103.3696123306719,106.54213818660376,103.81261016157748,114.36560021124244,112.82357221974073,105.34712277382894
2022-12-09,106.23979319428388,103.38828224264084,106.56411345049044,103.81574238800798,114.25085552099029,112.81801637925103,105.36349054213952
2022-12-12,106.23626074780756,103.39252019307584,106.56411345049044,103.83580211270367,114.4429498510726,112.77504326877047,105.34580199830825
2022-12-13,106.22821244905924,103.41042439137212,106.60334124547974,103.78568164568274,114.47175036369195,112.76809938427958,105.37184990322471
2022-12-14,106.22735879456312,103.4490147983883,106.59461120022856,103.7932881701874,114.48023186678807,112.75292849951404,105.23167391407569
2022-12-15,106.27110561738424,103.42794954704944,106.6250572525606,103.80507388779658,114.350006003883,112.78514524654766,105.29999151621205
2022-12-16,106.24399611121574,103.45980220347072,106.73224334171988,103.79894857671124,114.38397516500932,112.8001759207289,105.29785343099532
2022-12-19,106.23659308437703,103.4760019773752,106.7290122955232,103.80229464567992,114.4303883339465,112.78937993171158,105.17071909300628
2022-12-20,106.19117742304884,103.51035652347213,106.76614033903458,103.79886771777218,114.37561869976366,112.79527476290768,105.22348008435438
2022-12-21,106.17987225072758,103.51662017044924,106.76148088000237,103.77962070471952,114.37022044853144,112.7868848831545,105.1880437899575
2022-12-22,106.2161428193988,103.5469383500174,106.75670556184107,103.82871825084976,114.35872053754404,112.78861266398872,105.10070171839942
2022-12-23,106.21979743022808,103.55489090659718,106.77830831720532,103.87627329875278,114.37828677511446,112.78646353541517,105.051890305589
2022-12-27,106.2302967292458,103.57487951202472,106.80610435521083,103.82932465927576,114.38400712710384,112.79153542050013,105.36907228331349
2022-12-28,106.20800732361556,103.5920263440693,106.8151833972438,103.84731881152295,114.40143966101056,112.76579341077388,105.3547065300264
2022-12-29,106.18599020329935,103.606018157156,106.83250942851792,103.84764459919018,114.42830012775968,112.74383150496584,105.2995062288691
2022-12-30,106.15836107575676,103.62811267021222,106.78521084332344,103.85485956672578,114.42830012775968,112.71760327073868,105.32500686878628
2023-01-03,106.17444031621272,103.65472304902504,106.75694296085835,103.84270558154684,114.30304864006094,112.73131479237944,105.31969238585856
2023-01-04,106.2062270750255,103.59249373748668,106.7114945982666,103.83745700646078,114.24979210497968,112.72961202630133,105.26756117567376
2023-01-05,106.15931152891818,103.63389570986357,106.80191122579046,103.86859799733512,114.30203230439962,112.7336350699918,105.32165773995276
2023-01-06,106.18400895353884,103.5793677248944,106.74228960540634,103.83245443356311,114.34203517387796,112.72877478025866,105.36860105759384
2023-01-09,106.1276243877486,103.59464368015006,106.69005517856048,103.77302412138904,114.38003674071582,112.76376013554574,105.4267122066715
2023-01-10,106.1135960055974,103.64743249715072,106.7413352809616,103.75037570019664,114.36143462767888,112.75791782525695,105.53090326988526
2023-01-11,106.1329012005234,103.59329908593632,106.77411864789832,103.746449431452,114.39610463508592,112.77177681109838,105.47791478595867
2023-01-12,106.12485377138051,103.55053374697393,106.7772454434574,103.76133756433816,114.4020372687106,112.77060323974138,105.51660777109196
2023-01-13,106.07151236314924,103.5771673628834,106.76288739131236,103.77656136049404,114.4253695127959,112.78955595482635,105.62392131971764
2023-01-17,106.05939717448688,103.52697116490135,106.81059815948724,103.85765984338389,114.4103344861124,112.73588033702316,105.60259132417632
2023-01-18,106.10727844492058,103.52116697733594,106.81107387530568,103.83295524552454,114.42624732579716,112.77290261005268,105.71068878338852
2023-01-19,106.12851185254216,103.5515754267254,106.80228128238484,103.87216720244352,114.40678566615094,112.78702883427955,105.6816813664209
2023-01-20,106.11938581211402,103.5860631163327,106.81311614921547,103.83965548023656,114.41003499695556,112.78222432494978,105.7366529962164
2023-01-23,106.09206308562884,103.60034638389108,106.77866634460314,103.87368685860632,114.3843218445147,112.79242174684524,105.7366529962164
2023-01-24,106.08855251113027,103.59918661591216,106.88480580744428,103.8660930948534,114.39519340182996,112.79339604718255,105.7366529962164
2023-01-25,106.0722107734632,103.59508492522944,106.92817047258843,103.85593893731952,114.40154059380536,112.78912753927222,105.7366529962164
2023-01-26,106.0465859150665,103.58657108718394,107.00885602144665,103.86697884505492,114.4033292699456,112.78945248963852,105.7366529962164
2023-01-27,106.02243990779596,103.60720819447316,106.98360615078384,103.89810193910678,114.37984463389516,112.81034757976308,105.7366529962164
2023-01-30,106.01262394222056,103.63624951758824,107.05899273784784,103.90856491855364,114.3756349405679,112.81518429240327,105.72736645298932
2023-01-31,105.99724329446222,103.6400199842578,106.97923915306548,103.91361626218348,114.37670592034878,112.8256006528872,105.68929804489808
2023-02-01,106.01280459688194,103.6504982594764,106.85510492264208,103.90950777393007,114.33218968133676,112.8463866698477,105.7043416578388
2023-02-02,106.03402248800408,103.61029258526766,106.8763824023168,103.87132681272834,114.3461434913244,112.86485271738644,105.65935472302448
2023-02-03,106.10074599105045,103.6385188665386,107.03565726847168,103.91105251142272,114.2413118834092,112.852381608289,105.64406789162872
2023-02-06,106.13247559293112,103.64997345418294,107.03565726847168,103.9326894878245,114.22149102292248,112.87826952855616,105.65051501009825
2023-02-07,106.1645427372877,103.65836076010524,107.10233754435173,103.9104844084687,114.27790498293923,112.85621320507596,105.6337211945421
2023-02-08,106.15822195144132,103.69769459135004,107.17584350816225,103.9807617151013,114.3203541750074,112.87146456270476,105.62396329796653
2023-02-09,106.1898026294368,103.73357719678177,107.90846228755358,103.9471554363382,114.38808678797132,112.91768334925187,105.57090623958872
2023-02-10,106.23357280997529,103.7600218397394,108.00482913295382,104.00870985495318,114.37939293792384,112.89499017488538,105.59481143794947
2023-02-13,106.22107003922667,103.76523127589,107.9860654045408,104.02238874048446,114.35469794069782,112.87628021354236,105.59199880730525
2023-02-14,106.21433490378706,103.77855585935258,108.0380180166904,104.02447219170124,114.43548681840969,112.8670840475774,105.57504252532809
2023-02-15,106.22389266818296,103.78401429376252,107.98785172487152,104.00898461786012,114.56745723110376,112.88973950473893,105.56147584342494
2023-02-16,106.2773070208057,103.77694743563492,108.0131829925751,104.0490405646094,114.63983257723376,112.87985506907872,105.55656467036135
2023-02-17,106.27836509166238,103.78301746930975,108.09430005910885,104.04749876389236,114.60801990355588,112.87158558617593,105.54511035887492
2023-02-21,106.31534021324008,103.81240370107808,108.30127947427472,104.19050896828762,114.60801990355588,112.89891055480284,105.5668093943852
2023-02-22,106.28704529865432,103.80620221324392,108.27951861739994,104.11598422418432,114.53082244009283,112.9060873152256,105.55060614746104
2023-02-23,106.2242805441906,103.80517866182308,108.20206381478228,104.10738984006984,114.52352374572035,112.90008088595836,105.58027450870138
2023-02-24,106.21663745252964,103.79878196855636,108.2646040588885,104.1235295475957,114.4405544771174,112.89676112639756,105.54979632013536
2023-02-27,106.1641382484572,103.79093578451308,108.20712621668449,104.09363050264868,114.53598387977904,112.8718810528086,105.59028179957888
2023-02-28,106.16160609242384,103.82108571229698,108.22404395127384,104.12002661627989,114.51753217651168,112.99544023100316,105.58993961301782
2023-03-01,106.17539819595218,103.8524013332014,108.23493574819354,104.18486762603814,114.5778688542736,112.98164112670544,105.5753647911621
2023-03-02,106.1088480789361,103.8792621395935,108.26592413427788,104.21741877492872,114.55502858405048,112.97831373576813,105.63324335190212
2023-03-03,106.0576159126384,103.88607102811072,108.13659788174508,104.25132524219308,114.5308418574922,112.96885293222496,105.62394807048724
2023-03-06,106.05090263193698,103.88774118026105,108.14700803591062,104.20156396621488,114.6750257276435,112.97809431237955,105.59912206086128
2023-03-07,106.02940449879526,103.89301668461071,108.2443966161746,104.17317276232968,114.78500628925876,112.9769940261054,105.57401177718464
2023-03-08,106.0289480091172,103.8940242143664,108.26849791755016,104.1013165076894,114.8459626000936,112.97598454478153,105.58580579281576
2023-03-09,105.9555999143238,103.90526426173578,108.08170107489016,104.06027421660772,114.92096474887028,112.99175669043797,105.55653105303035
2023-03-10,105.87818483971678,103.8899845482064,107.9718572844419,103.9833018423342,114.7692311544735,112.9854649943361,105.49890668141042
2023-03-13,105.70876493109556,103.83324043831314,107.79094360191704,103.8444602414068,114.91044676126134,113.02573637446672,105.49890668141042
2023-03-14,105.62906595523074,103.818522656022,107.76302864018828,103.91987908236403,114.85753087279969,113.05188670550912,105.50388917813224
2023-03-15,105.70407758907784,103.84109663219454,107.68745380673556,103.82716275303852,114.94325274995924,113.12127269344316,105.50256394964784
2023-03-16,105.57295562600582,103.9218044526608,107.69547689842658,103.84786804329322,114.87829666864496,113.09289318979094,105.50256394964784
2023-03-17,105.65298935191387,103.92052011150491,107.68567512799684,103.85241843385263,114.90817314824764,113.09095925558086,105.50256394964784
2023-03-20,105.59574097039076,103.95618291282594,107.68567512799684,103.8235072438796,114.90045425531171,113.15640606080444,105.50256394964784
2023-03-21,105.56922067915004,103.93494550004088,107.71930614411431,103.8311675317374,114.89987348088776,113.1933674461126,105.50256394964784
2023-03-22,105.61483136343546,103.89623318258889,107.6915111598816,103.77910085828516,114.94119203643912,113.19316324126368,105.59378034555212
2023-03-23,105.65277923686168,103.93226148174784,107.658251220279,103.77634053967628,114.7173769719262,113.2057649946171,105.6136353620844
2023-03-24,105.64072523005524,103.93243648376664,107.69909997944409,103.77684761851916,114.81382448962778,113.20370430599208,105.6136353620844
2023-03-27,105.628517683533,103.92584146319643,107.75550238834904,103.82590818055807,114.83964680631252,113.20788850044065,105.5981461575422
2023-03-28,105.62140549285546,103.91956791403769,107.76030651982822,103.80266808970856,114.75374574233996,113.21579221638788,105.5825619232336
2023-03-29,105.62908139639342,103.9387705081615,107.7205743463099,103.79783274284264,114.71505747103336,113.22022990235556,105.58417736455904
2023-03-30,105.61388746994066,103.92246966529883,107.67587648263842,103.81242199700628,114.78484139084672,113.22022990235556,105.59267492373996
2023-03-31,105.61198859094188,103.96022053255317,107.65036213181924,103.85396151869476,114.74352924464552,113.20120295982316,105.63702620220823
2023-04-03,105.6194425613188,103.96651408916222,107.61341294648102,103.8499919965807,114.75447860026456,113.2326079797308,105.63539492451292
2023-04-04,105.61721484691826,103.97627310323264,107.59067319495864,103.77626055103195,114.71113917326004,113.2326079797308,105.64350332714704
2023-04-05,105.6052641619057,104.00183181862508,107.60623980236709,103.79792506395349,114.72384262064574,113.22444467145668,105.64350332714704
2023-04-06,105.5900257670874,104.00509501219057,107.60623980236709,103.8240307529607,114.7145350264432,113.17351370090164,105.64350332714704
2023-04-07,105.56411671189169,104.00509501219057,107.60623980236709,103.8240307529607,114.7145350264432,113.1758995549372,105.6692492373764
2023-04-10,105.55174699893884,104.00509501219057,107.64996695183532,103.87238843706564,114.72743315893246,113.2225809001948,105.6692492373764
2023-04-11,105.5175905108521,103.97712724217304,107.64016595190716,103.87631220951816,114.82444794247024,113.21781378270188,105.7374037060314
2023-04-12,105.52301367348582,103.94904075227996,107.64569674224524,103.82734884731212,114.8298588557466,113.21746754212047,105.85185416816005
2023-04-13,105.54960170007352,103.9616551665424,107.7050574921952,103.7994335810488,114.77699475133964,113.22277253621267,105.85341702113688
2023-04-14,105.5298578450478,103.95472609991792,107.71536774622142,103.82805292909,114.80406347765071,113.21972316621964,105.84877837918074
2023-04-17,105.53768914255976,103.93396943624631,107.7425207517744,103.91565356684684,114.76820687264836,113.2354896474922,105.85158740945477
2023-04-18,105.5267969810688,103.93031474722528,107.7141346700019,103.93401481565508,114.75607404126092,113.2408514018377,105.84712404504025
2023-04-19,105.513501948771,103.91589831163624,107.73650464034816,103.93316025117268,114.7332877830264,113.26208851546376,105.8391506048018
2023-04-20,105.47292056015776,103.936696743008,107.75087006308614,103.83013516585858,114.73764795701103,113.25001845349114,105.82019724298436
2023-04-21,105.4831354890899,103.9229254185648,107.69230933315347,103.85492140438956,114.73764795701103,113.2432319370952,105.81450808785584
2023-04-24,105.4353249404068,103.90011451463909,107.69844299416636,103.83496911567242,114.75486909196812,113.24239378044918,105.79597847782225
2023-04-25,105.42925160225052,103.98162091168804,107.70260554319069,103.76004490906168,114.80985161778771,113.19563993604864,105.79853656434166
2023-04-26,105.44560757830178,104.03896689992536,107.71062817498138,103.8226998878315,114.75733337023632,113.2228285770217,105.7746788407356
2023-04-27,105.40581865792586,104.03799452134382,107.7108769025968,103.84236812182397,114.75638775273562,113.21470076476464,105.82161968750874
2023-04-28,105.38276962584568,104.0803864798849,107.69863785365912,103.81319644450726,114.74016908288816,113.22418695443804,105.83543251421644
2023-05-01,105.41722667102611,104.0803864798849,107.69863785365912,103.81319644450726,114.74016908288816,113.22418695443804,105.83543251421644
2023-05-02,105.3943323857605,104.09089972155856,107.70364488339344,103.81383697786312,114.74156416795417,113.26528545957588,105.83543251421644
2023-05-03,105.38788599512334,104.09681702665073,107.68782186641582,103.79748504094717,114.75491755459063,113.22815099233571,105.83543251421644
2023-05-04,105.382803649796,104.08641827726616,107.69418043439468,103.82948256857792,114.78299984701604,113.20767758569714,105.88749933515392
2023-05-05,105.3830430757875,104.09372605131514,107.685388382508,103.8629500673997,114.78092973566764,113.20746925885956,106.16405017955206
2023-05-08,105.40305184549196,104.09521449506504,107.68201958614094,103.9636963158128,114.77814223480256,113.22713557614595,106.12248528827853
2023-05-09,105.40537008736251,104.09099064561644,107.6859409470638,103.98269743769902,114.73707381906316,113.24447430842191,106.153310202997
2023-05-10,105.39784675504391,104.0944889921841,107.65328817771272,103.94936825228046,114.75118356163148,113.25585885631372,106.2332784445115
2023-05-11,105.35602804946348,104.09887546192408,107.66910375415436,103.94711814146224,114.75769670854356,113.2552645566091,106.37448122140324
2023-05-12,105.37315390795466,104.09768319184704,107.68331738999636,103.9277560259834,114.74398949673429,113.24821788793658,106.41506944468225
2023-05-15,105.3949630201764,104.0961705670412,107.6698662001042,104.0190771697183,114.715241013173,113.21649027849011,106.44574342167644
2023-05-16,105.39848947630502,104.10121111785732,107.66708077078329,104.02745170823168,114.73857301979528,113.16709732373052,106.34148943909618
2023-05-17,105.38713169200336,104.10624557717148,107.68935777340548,103.96951651008035,114.72306763342311,113.18774029778638,106.26763945600234
2023-05-18,105.39944921648248,104.0862910035616,107.76287862602484,104.05542428239312,114.73388561270272,113.1824517560371,106.33205848945516
2023-05-19,105.4126803814394,104.0888174582248,107.7706371763656,104.02968583706074,114.74908867253792,113.2230569058164,106.56784341471834
2023-05-22,105.43156565351728,104.08678664728887,107.77041859104312,104.1114394846653,114.75155946447732,113.1755171920879,106.62327723748784
2023-05-23,105.41131992376616,104.09750177524204,107.8007933315999,104.04031993154008,114.7693457959032,113.2116037602645,106.81201982976243
2023-05-24,105.4061428692088,104.11653887289198,107.8182697806728,104.04031993154008,114.8192652053075,113.19720430761744,106.75436727922352
2023-05-25,105.35930606634848,104.14888648028236,107.78409344084052,104.0216980404378,114.90385327202084,113.21047201546013,106.77111092205608
2023-05-26,105.33208718489078,104.15564782910285,107.80852578972156,104.00602075294417,114.94644018453177,113.22660000913925,106.77111092205608
2023-05-30,105.29697338852854,103.96855548495805,107.75406880806575,103.9009472478298,114.92536159008174,113.23447078184417,106.74715399617342
2023-05-31,105.33479495434248,103.91941035653774,107.74935650033066,103.92656317241466,114.91353031973168,113.24011913306032,106.87492677095815
2023-06-01,105.3090282997237,103.91217593565445,107.72837579456474,103.93917931299336,114.95507632410578,113.22957089179155,106.92538874399708
2023-06-02,105.33698366043927,103.98010816408043,107.74904134066148,103.9217719897166,114.94478133798924,113.25254362700193,106.72305814164916
2023-06-05,105.35694354126905,104.00294434826192,107.73180488403564,103.9337446872563,115.06884370404028,113.25449927872552,106.72305814164916
2023-06-06,105.31628413991656,103.98295953770442,107.70996731191778,103.87181517382066,115.0786909384896,113.22145215924162,106.88805821962922
2023-06-07,105.34388918888796,104.02597654978788,107.71363933333376,103.86751032146717,115.15277436460778,113.25467751824247,106.83858859942396
2023-06-08,105.3308773534993,104.00773265235128,107.66271262197068,103.90591976788308,115.15277436460778,113.26633449077424,106.87032563045244
2023-06-09,105.29461338796028,103.99523373380032,107.7171353791024,103.8431733495625,115.24219327269728,113.27304813726786,106.9164257798054
2023-06-12,105.31329640881816,103.98188217441398,107.68605707349052,103.83762962256932,115.3754857794678,113.26782704359444,106.92029720975184
2023-06-13,105.38109137897251,104.00731276465837,107.69069814733928,103.88941527801995,115.24597576786024,113.25633338623446,107.04549885847084
2023-06-14,105.40526267315202,104.00555788437548,107.65135358038866,103.98896467339544,115.29592037357808,113.28803067280415,107.00638294528122
2023-06-15,105.4054755167477,104.03138045292592,107.67850019320674,104.06737103397606,115.36648545559582,113.2825704108452,106.9098944537267
2023-06-16,105.38969710552546,104.03162088615768,107.684494371851,104.24723946354494,115.35230275761302,113.27873357326528,106.80132715404189
2023-06-20,105.36588778902032,104.03157029678604,107.6594064115746,104.23747033124523,115.41355120134509,113.26595032016743,106.76277298302196
2023-06-21,105.35752366889548,104.05757632100593,107.67023538456463,104.23747033124523,115.39370062983468,113.28719669661704,106.82678838844102
2023-06-22,105.39050982677551,104.12939175924636,107.66712154620387,104.2849470556684,115.32369358788104,113.2845027139052,106.82678838844102
2023-06-23,105.3630088193749,104.07208458750424,107.5763719448974,104.27168716954074,115.45505159176486,113.30771449798192,106.82678838844102
2023-06-26,105.3689338798128,104.0452482362421,107.5115923688584,104.27168716954074,115.48977147086336,113.29505527271216,106.83639475935988
2023-06-27,105.35192130494156,104.07476564944407,107.58081488014928,104.30692807969317,115.58161957108514,113.29303256905187,106.85613178404957
2023-06-28,105.3523119599977,104.0658000904982,107.57342147717924,104.3613663648734,115.60833940363057,113.29511173430224,106.85941277417471
2023-06-29,105.34571913240605,104.11674020688548,107.63170613553376,104.4464185020164,115.65573362714017,113.29165207206296,106.95405513352132
2023-06-30,105.27057548780432,104.10099173633888,107.58962385702412,104.50951260011304,115.84520496749424,113.31903809135318,107.14177014517598
2023-07-03,105.25572746442576,104.13434642562812,107.57987487364451,104.52787647779276,115.9776362550909,113.32281081918217,107.1119167439063
2023-07-05,105.28435980100154,104.15014905346332,107.55655764508484,104.5633238323642,115.90805370591173,113.3300783463461,107.07477103303547
2023-07-06,105.27137352541062,104.21691557291186,107.74703430668602,104.64872327629811,115.83482346634142,113.3452139317758,107.05756497684564
2023-07-07,105.2800248639189,104.25182657818392,107.74844883922098,104.78611332180256,115.91006581429222,113.3692776048691,107.07399577942012
2023-07-10,105.2983690530384,104.24594908758928,107.71356174304556,104.80115621764476,115.79224340932726,113.37476094043664,107.07641832049536
2023-07-11,105.27569503903553,104.24791053699252,107.71498255367182,104.76701496942636,115.81052212233584,113.3428522375135,107.05603329158676
2023-07-12,105.26485178762444,104.19542814001828,107.53679254859745,104.7614257605731,115.80770785669472,113.38887205690811,107.04417962489758
2023-07-13,105.22713039245455,104.18848815076738,107.54988832055356,104.87316693535908,115.80647562390357,113.34987257779903,106.96107394337176
2023-07-14,105.20759524737562,104.18196368644332,107.60164070192783,104.91132263944138,115.7519187297694,113.36595717806136,107.0132836641808
2023-07-17,105.17230308413356,104.1753987079338,107.54178336265524,104.91132263944138,115.71231809248346,113.33681272792178,107.04162156171785
2023-07-18,105.13413516109124,104.13778731526926,107.61053574247128,104.88166580340057,115.77032354524069,113.35248361420626,107.07526675874696
2023-07-19,105.08387568081218,104.14323421333978,107.6131538993413,104.9633576197796,115.8233429392802,113.36068761808092,107.05136733419884
2023-07-20,105.06828347299356,104.2120113588675,107.6216700493162,105.10631454025348,115.77559473434242,113.35752655717168,107.05779404948326
2023-07-21,105.0493425384574,104.24475224476586,107.58666039094189,105.13400369083551,115.77738531996272,113.35807835967692,107.0851925251288
2023-07-24,105.02539890817448,104.26786236716276,107.6218337054727,105.1528933571826,115.82488575653858,113.33764128762556,107.060454518142
2023-07-25,105.01335032211828,104.27866197477024,107.64612537109922,105.22618372146836,115.8562044167189,113.35102402832584,106.87033909710104
2023-07-26,105.02358678180433,104.27342449571212,107.62230933103858,105.22847032717712,115.89366091085324,113.35442685443168,106.8870486867212
2023-07-27,105.07063566200672,104.26617971610553,107.71536062460912,105.27360165476452,115.89814206002104,113.34650159428868,106.90021280946532
2023-07-28,105.07232195573856,104.27156461153416,107.6200138358961,105.30078902867818,115.87366017025722,113.34092766036312,106.85491407039862
2023-07-31,105.07607044189837,104.2863132897586,107.58311903252262,105.65512653392268,116.04017365170236,113.33520145010922,106.8451771796984
2023-08-01,105.1202363489648,104.24529142449654,107.61264390611494,105.75804444424082,116.04017365170236,113.3751830646281,106.84777749834969
2023-08-02,105.17142159275556,104.2594123096265,107.65577383185745,105.81145983823625,116.04017365170236,113.37543753068442,106.92092990141852
2023-08-03,105.2587527486931,104.2315227182907,107.7910919444907,105.87880122723293,116.55590694176868,113.43399385116392,107.00592123143451
2023-08-04,105.21316296529815,104.25393520245574,107.78210228582384,105.8725236435107,116.6153961639662,113.43725056148612,107.0040202238619
2023-08-07,105.25061519021178,104.2227355043697,107.87995102236589,105.8725236435107,116.64796704413844,113.42976813127888,107.01055478556908
2023-08-08,105.2160782018316,104.27879143454966,107.84506105919776,105.8880449634346,116.75261017414304,113.42153902212767,107.02327877980676
2023-08-09,105.19490858640654,104.27601372820952,107.82565774052112,105.8799599024439,116.80468658561544,113.42609863424894,107.00562699630514
2023-08-10,105.25704923060258,104.26849937328532,107.87371413716548,105.8668003271424,116.8854099357742,113.37597770447564,106.99465582582012
2023-08-11,105.26524626590134,104.20665979436244,107.91418666443194,105.8668003271424,116.9833052016557,113.43523254874586,107.02998866230828
2023-08-14,105.2732659732842,104.20445575941427,108.007156156117,105.8668003271424,116.94314367791992,113.40895302693572,107.20740064343089
2023-08-15,105.28031719192413,104.17269755864982,108.04726354954448,105.8668003271424,117.00014232379176,113.44752049450474,107.33704109344512
2023-08-16,105.29579225119149,104.18708885766245,108.0455439345676,105.99423140850728,117.04978053233016,113.43307396352178,107.35535812531502
2023-08-17,105.31939748972364,104.16350361746488,108.08050001458837,106.07326910867651,117.09214713179202,113.5163010501364,107.36016942598926
2023-08-18,105.31361721348188,104.20002167426205,108.10850029592274,106.08261548993752,117.14279213113572,113.457394363166,107.3968216852294
2023-08-21,105.35794043953798,104.1655226829546,108.16577898293777,106.08261548993752,117.16524803880064,113.49859470816516,107.47841147382164
2023-08-22,105.31778041843243,104.19763876376528,108.12418743951586,106.17425002378673,117.21054593864994,113.45008868991292,107.38516483404892
2023-08-23,105.2448159544522,104.2460619270318,108.06066512794132,106.1388811945304,117.26205860824956,113.44314708883032,107.4037341331045
2023-08-24,105.25453967469127,104.24199724525953,108.1766035005933,106.15977654440178,117.296216222752,113.4817663702584,107.41372713186894
2023-08-25,105.24015187517293,104.24646509505742,108.18258896022448,106.18739849579728,117.33455144012272,113.50061425854472,107.3577536009899
2023-08-28,105.24639472676655,104.2521082150251,108.2131168642084,106.18739849579728,117.3402675338324,113.495307169251,107.32708007271438
2023-08-29,105.21967349759926,104.29358546838036,108.2087652214479,106.30174525614588,117.33608593207715,113.48302386765002,107.3339027954769
2023-08-30,105.20694339426208,104.2725035910114,108.22258270754804,106.25802405072628,117.36263580754908,113.50182907216325,107.36686962936082
2023-08-31,105.1891270369814,104.2237652916182,108.20659114647144,106.28663155223464,117.38768011361948,113.5065176695369,107.34518190117642
2023-09-01,105.24989528643118,104.20516354232656,108.2234273181348,106.313485485338,117.4426770572348,113.50561245169388,107.25588443728464
2023-09-05,105.29499907714708,104.21200719703528,108.2388503618168,106.30076817753266,117.51423464737564,113.50601226071004,107.17925691204132
2023-09-06,105.28653317691538,104.20161193661788,108.24150863282873,106.34533068192182,117.51551794482494,113.49566297319429,107.21152925934264
2023-09-07,105.28999514494564,104.21221971418402,108.2219130530328,106.30640104673216,117.51551794482494,113.49628100118863,107.25754254786357
2023-09-08,105.27789855052016,104.21233921228357,108.24679690609383,106.23543744836716,117.5230699027954,113.46686464361022,107.22367885153604
2023-09-11,105.29549411499286,104.2032686324578,108.24860953711818,106.23543744836716,117.51270266094814,113.45416508785266,107.25889021975044
2023-09-12,105.2630338094708,104.21067851198858,108.25899579438666,106.20515205445322,117.49723076331163,113.45441032919987,107.26833562473166
2023-09-13,105.2853106688639,104.218533149055,108.24030191497836,106.18282592446006,117.48598981911948,113.4571749484106,107.29436083841424
2023-09-14,105.29954912257485,104.26081400562096,108.23327875533376,106.243251916119,117.52158656351811,113.4542901003148,107.30658825339772
2023-09-15,105.31777424088293,104.23775714426328,108.22250436240112,106.2922980042009,117.58133356461263,113.4636873488604,107.21384266854666
2023-09-18,105.30025010443327,104.23447162992234,108.2413025226904,106.2922980042009,117.62767637507898,113.46061274859206,107.29355469380448
2023-09-19,105.31843441131588,104.24970175699652,108.25135640239172,106.2922980042009,117.73141245676078,113.4637962137058,107.3273872895193
2023-09-20,105.33607467317664,104.24517669783138,108.28236189436892,106.2922980042009,117.77904736145784,113.45995349783318,107.31475891283628
2023-09-21,105.40734855073131,104.23614480633576,108.3007463155298,106.36250856217484,117.82552969177264,113.47048522655658,107.28929322192616
2023-09-22,105.3855699560984,104.25690200810172,108.30305012669568,106.41393403513378,117.80515465798914,113.48348903205044,107.23399405696736
2023-09-25,105.45609582718932,104.28516024875732,108.34945458304522,106.41393403513378,117.85149465623464,113.47584479546016,107.29942439666016
2023-09-26,105.45866607383344,104.27594367669644,108.39246379072787,106.59072966523402,117.97468065404506,113.45233272545958,107.25742242143386
2023-09-27,105.5007698250486,104.24301214486049,108.42302405681303,106.54949559329454,118.18054734336285,113.47472669356704,107.2940570481014
2023-09-28,105.50127490728948,104.12929413545456,108.33767317097566,106.5526739634817,118.29992964519298,113.52011316070708,107.34146411782277
2023-09-29,105.49719538701665,104.19796527828338,108.30096021879316,106.56911155702512,118.07356180555333,113.49017959183348,107.34146411782277
2023-10-02,105.55029776098064,104.14286228025892,108.3103315759121,106.61578800401486,118.17600596301374,113.49017959183348,107.34146411782277
2023-10-03,105.62596139250122,104.11288102959158,108.3768237453084,106.62530827856726,118.32429810521784,113.46357223032476,107.34146411782277
2023-10-04,105.59661729767576,104.12457437362764,108.26842702050314,106.60770135818724,118.04931433561708,113.5038322348462,107.34146411782277
2023-10-05,105.6058874496089,104.1593878156908,108.27614740014376,106.62697272276696,118.05271586221528,113.46150816092462,107.34146411782277
2023-10-06,105.6322400080062,104.15451158449298,108.25231020869022,106.6633942904887,117.99497396690376,113.45108326899364,107.34146411782277
2023-10-10,105.5895722140424,104.17129374927114,108.23099160475633,106.62007355570272,117.67906451820018,113.43553692908212,107.3728486029458
2023-10-11,105.51147173499172,104.1995254589474,108.27909726938812,106.61335240558316,117.89406776113968,113.4438440740949,107.36023977349043
2023-10-12,105.57178026497876,104.19569559268322,108.3881645820458,106.6518826952554,117.89406776113968,113.43653271494463,107.31014644382228
2023-10-13,105.51845944763048,104.26162062631036,108.36508920387588,106.67496478186528,117.99950305370912,113.43335511461416,107.25923902849031
2023-10-16,105.54955551028742,104.25048568468556,108.44823137056522,106.68552763612792,117.84616886917792,113.42714779777452,107.29056860066414
2023-10-17,105.57898891623074,104.22336751933364,108.49566565751856,106.68552763612792,117.91802398901714,113.43825583530518,107.32366776768832
2023-10-18,105.63664869472464,104.20903732741436,108.55227918165902,106.7035573768348,117.86790363625713,113.44269664953192,107.3745702673976
2023-10-19,105.70250725820328,104.2350138505034,108.54391019091712,106.6977619285113,117.91084941100712,113.43168946404003,107.50970987539256
2023-10-20,105.72729555094502,104.22947279857269,108.49943513339292,106.74251221230516,117.81574060148763,113.42134986464758,107.55758348303908
2023-10-23,105.68535867094808,104.2398473907706,108.49789961274185,106.6978774216127,117.91186083979098,113.44928779429485,107.53854415729027
2023-10-24,105.631173461873,104.25177912775057,108.52882159157062,106.7661746662531,117.9113929400405,113.44788339153418,107.58150714107776
2023-10-25,105.7158027025682,104.25639742907038,108.6023228954328,106.79888150772076,117.94941858858338,113.42830783526524,107.66970625004788
2023-10-26,105.67867740520096,104.28297992044486,108.49533287258524,106.79729019179412,117.80393563190933,113.42424873081232,107.62230400340144
2023-10-27,105.71291030583762,104.29418639497824,108.4752304930814,106.79729019179412,117.99070450128396,113.41337328996364,107.62147420106253
2023-10-30,105.74210146038368,104.29026630465894,108.4972251180901,106.71462019371413,118.26142703220664,113.42182320205772,107.6207640911636
2023-10-31,105.76086304975128,104.30702909086298,108.5031294578698,106.72757741067028,118.2637496229252,113.38689967113676,107.65393619051645
2023-11-01,105.63236439480312,104.32730583425484,108.4507916587262,106.72757741067028,118.23840719274006,113.3770171121208,107.65074008597506
2023-11-02,105.57371790631656,104.3647366048285,108.4593747732475,106.75952551827514,118.23840719274006,113.35999786041438,107.62933087741348
2023-11-03,105.536276323408,104.4032376618397,108.524544756574,106.82563763575132,118.302188206753,113.35674089931804,107.57997964016606
2023-11-06,105.58522284840843,104.36097783607154,108.49449061494091,106.82770338650585,118.3265022793164,113.33283814987578,107.60883651652344
2023-11-07,105.51808160478473,104.40220328418104,108.55414872990916,106.84762485071184,118.30857396981315,113.32707304645356,107.6434470195059
2023-11-08,105.44807245980851,104.40304483250551,108.57914962335695,106.8786832815984,118.36284778534196,113.29256069922243,107.64090826830778
2023-11-09,105.5532732116872,104.44058198650056,108.70699689321997,106.85927805397186,118.38362940739997,113.306885275257,107.64561358677756
2023-11-10,105.57185068635523,104.44519953627388,108.8565810394307,106.84315184209711,118.34651506537033,113.33902567267782,107.62199456110444
2023-11-13,105.56989310100823,104.4524310178851,108.83804525786252,106.86476511981972,118.39198424412014,113.35505985077891,107.65587029214105
2023-11-14,105.47933425720672,104.51109975582573,108.9371960755114,106.91342420787744,118.2626144754934,113.34478376326028,107.6547337640906
2023-11-15,105.5271263272586,104.503305678808,108.92161680402856,106.95395992937613,118.2626144754934,113.31392033037493,107.65056282748871
2023-11-16,105.46590432293578,104.51006495335344,108.98707471280214,106.9139978896987,118.2624107235747,113.30289893079647,107.69126737333411
2023-11-17,105.4614646683122,104.51178554337244,109.09679863824786,106.970944524337,118.28292458388307,113.32175548118325,107.68264803208169
2023-11-20,105.43744427453652,104.5194061504549,109.09679863824786,106.959429141711,118.32411414100224,113.36692160216748,107.68594616685606
2023-11-21,105.40712831773764,104.54322254006978,109.06046479560058,106.97532793546094,118.46679570509563,113.37296743698704,107.6774636511106
2023-11-22,105.41534814076144,104.55468998717907,109.1285319186592,107.0054887677128,118.45661214592708,113.39122685826511,107.65152712486496
2023-11-23,105.41304469276534,104.49921228489,109.11149386595244,107.01185045114212,118.47320363880162,113.38190103398044,107.67849254091686
2023-11-24,105.44413350959472,104.48837453118873,109.13948847279023,107.01260269005964,118.46040443385166,113.38443853723084,107.74641372308456
2023-11-27,105.39247508350186,104.52807303317957,109.1923798883129,106.99201806219575,118.48238898523542,113.38443853723084,107.79746379403343
2023-11-28,105.33094664687856,104.55185087864275,109.23450750127977,106.98508175497923,118.49593607023394,113.38400084849232,107.78735378593736
2023-11-29,105.26314053704202,104.58891467572316,109.25157576882891,107.00059812139524,118.4925770856672,113.33794094234786,107.79164852404008
2023-11-30,105.3328053474312,104.58555373759712,109.24272195554272,107.07192941586246,118.4317325272822,113.32234323576382,107.7641925418755
2023-12-01,105.24732832179215,104.68683518907582,109.31410129286584,107.0476940714466,118.42470579092183,113.34487322388762,107.74275091542287
2023-12-04,105.23765822169749,104.69179299915356,109.26654500682382,107.05066887249102,118.48988807283816,113.33841204898742,107.7439043087742
2023-12-05,105.16323449325148,104.74626394947822,109.25504683500482,107.05217647677914,118.5717107826776,113.3101947359748,107.71637533750082
2023-12-06,105.1425710407423,104.76707186417492,109.27743268342144,107.10234227279616,118.5788773695658,113.32216525734708,107.7136872975935
2023-12-07,105.16043084453923,104.78416143215964,109.3113773067208,107.10720055467202,118.55127233019611,113.30083367452995,107.8715556192684
2023-12-08,105.1602000472002,104.7643138900732,109.25451998832972,107.10720055467202,118.65405006486544,113.30422524220174,107.8386151582177
2023-12-11,105.15149102716232,104.76922960788926,109.23400701481212,107.06002939535158,118.66638831036413,113.32880514681024,107.8727663237175
2023-12-12,105.14469846693002,104.79718288908562,109.24134598012084,107.11677525162855,118.64708649125647,113.339703436484,107.8903471757332
2023-12-13,105.12815994276885,104.79013016435268,109.38316134897556,107.29496619955444,118.6554246563517,113.3196347592685,107.9650998859788
2023-12-14,105.05396701926296,104.81112084231027,109.3002083057111,107.60365827322052,118.590040372565,113.21126469624755,107.94198867985472
2023-12-15,105.03717764756884,104.89610275780709,109.24899686433716,107.60673414133385,118.61136781155489,113.15752482147,107.97912512090936
2023-12-18,105.037645148699,104.86955170702728,109.237589617471,107.58486418938156,118.61828291388645,113.19080692376636,107.95862336291984
2023-12-19,105.02423279647805,104.88413117569893,109.23683818567244,107.61645969086048,118.6749325464692,113.18554385049534,107.93738994161882
2023-12-20,105.05441004357137,104.87171915075643,109.2161786197246,107.60268183144484,118.67458313693982,113.18956029995904,107.89224447628467
2023-12-21,105.08382302624776,104.87448831398814,109.2047052320744,107.61918275047712,118.70838574457235,113.22731914984564,107.9750827268781
2023-12-22,105.10056417146656,104.8690978378261,109.271786034851,107.60290835906493,118.71855782971332,113.18256783089755,108.01360000300342
2023-12-26,105.09520064712812,104.8690978378261,109.32446798987505,107.604688083401,118.67187521524896,113.1883525280718,108.03526156182669
2023-12-27,105.10168248683532,104.89603885754586,109.33080540548484,107.63808120559916,118.63454902388064,113.1689690651594,108.07341774129556
2023-12-28,105.1235109757065,104.86952309972123,109.3525257062778,107.66564531169784,118.7277917972995,113.1610113398958,108.20627032715102
2023-12-29,105.1425667046163,104.8339463351846,109.36644363594873,107.7428138542196,118.7277917972995,113.11863879841188,108.23408252398336
2024-01-02,105.1299356289634,104.8380378084738,109.3781298265987,107.75315521035256,118.61616492670832,113.16594785389344,108.15848425636204
2024-01-03,105.15028811839692,104.84811394834296,109.35768614082806,107.7735322168254,118.50803970441778,113.1878856669004,108.1227142780126
2024-01-04,105.18828084647942,104.88623258085406,109.46309422781744,107.74402114377192,118.43852501138215,113.19608278290654,108.15802876204684
2024-01-05,105.21775220799545,104.86423073551892,109.48150772989152,107.81926472736828,118.36948736767935,113.20821114359036,108.13651603262612
2024-01-08,105.2110361532778,104.88429232519329,109.4478089859752,107.81227885221163,118.38800700222522,113.18258539575729,108.13936297122927
2024-01-09,105.22494343235768,104.89031686328316,109.45486925254647,107.76585113034326,118.36557545437569,113.2095325448802,108.18889283929562
2024-01-10,105.2367928171574,104.88443725919684,109.44021181348606,107.77858914248176,118.37436864032556,113.2015460509021,108.11815190716452
2024-01-11,105.25205014909191,104.89413850834688,109.47475618963296,107.64225016459056,118.32463031961936,113.20918597115512,108.19233332260818
2024-01-12,105.24552529477296,104.899567576296,109.5317743688904,107.57265077426824,118.28231744075192,113.23078265603026,108.14392380578796
2024-01-16,105.28550270349764,104.86641295580326,109.51665090707168,107.58384365573966,118.16723284634448,113.2082650388964,108.18223529304512
2024-01-17,105.26092512977046,104.84332706504996,109.47122314150002,107.58454097718322,118.14250022565348,113.198937291747,108.19709446523308
2024-01-18,105.31426233006005,104.79822207444424,109.46182193509016,107.6432419166841,118.1537441837068,113.19680625375707,108.15823645281222
2024-01-19,105.28794324759508,104.81866372273574,109.47240476981575,107.68281159171526,118.19040273600396,113.20925344024984,108.19235289648006
2024-01-22,105.28395232796883,104.83250374405392,109.47538062927484,107.67387930857664,118.16406694620956,113.20925344024984,108.20695481186308
2024-01-23,105.31687040028544,104.78144286383856,109.47545164603092,107.66018367629395,118.209773625713,113.23162257872228,108.18430250257876
2024-01-24,105.33655404784784,104.81414455110874,109.48847714531126,107.63014936248456,118.19427051485424,113.23379265511396,108.26291096120904
2024-01-25,105.32750662933589,104.83067928616332,109.51780825181244,107.66674653736644,118.2438832874523,113.27129538436893,108.2900129748041
2024-01-26,105.33305305568526,104.84416034153264,109.48128905607138,107.67085551279816,118.24020122375693,113.26897851123972,108.27589826614906
2024-01-29,105.2988513574736,104.88237310942456,109.49695156354107,107.66654977678844,118.36286627786257,113.27969605454568,108.34718566597408
2024-01-30,105.24118823499089,104.877030239795,109.43969430180238,107.65286061304175,118.4715284075213,113.28863435849834,108.38610469011005
2024-01-31,105.17130593554369,104.99460048853176,109.53949387382808,107.62752060858028,118.5489113240979,113.256839740998,108.34679637265803
2024-02-01,105.17853519789313,105.02077906147574,109.50261941054772,107.58665459715566,118.62328314853154,113.24947658580864,108.35085939962627
2024-02-02,105.19716000165988,104.97644762106376,109.38888703061718,107.62683046163627,118.7032934127837,113.30145323519967,108.35507777085373
2024-02-05,105.25053146458406,104.95413940750905,109.38888703061718,107.70148982261128,118.7238704063366,113.28201595074714,108.3719221687165
2024-02-06,105.25027020878696,104.9522567830798,109.37602549755054,107.65059578038772,118.71986626617228,113.28139202327274,108.38949690971025
2024-02-07,105.25866237501008,104.97348585310456,109.4149405918884,107.64837973355934,118.76718814344642,113.26822231437382,108.44246938518384
2024-02-08,105.28272801284436,104.9921729038482,109.45137972725988,107.74965867191064,118.82902655824576,113.26667357470645,108.42184851651152
2024-02-09,105.29502103416397,104.98501120655844,109.53161663769352,107.7252931068285,118.85851025608918,113.24786926855096,108.41598277042613
2024-02-12,105.30223254522542,104.98561579843488,109.4724801588365,107.73107673700537,118.85851025608918,113.28510774234056,108.41598277042613
2024-02-13,105.32850349024388,104.9847349095952,109.39240169092032,107.83361470092214,118.85851025608918,113.27859189711468,108.40208778719476
2024-02-14,105.318884938837,104.97236896847836,109.38692328610696,107.77312552913358,118.8819673611026,113.2947731688607,108.4003690528058
2024-02-15,105.31672058001833,104.98361511191676,109.39184549517142,107.69909919172554,118.88661362599106,113.29622824800438,108.3998900724187
2024-02-16,105.32539007392792,105.00087508053248,109.40667276263616,107.76293688226092,118.9480934798672,113.31449820560633,108.3993106536198
2024-02-20,105.34098944824224,104.99147184203646,109.44505387819348,107.72770856632734,118.942078911952,113.31484753009345,108.4866740624096
2024-02-21,105.35941212962238,105.0268551162534,109.29709248163036,107.757100326405,118.96316399555782,113.3009628989869,108.48819823249649
2024-02-22,105.3397313880185,105.01966422313689,109.32830983620254,107.81828918273727,118.94317539555696,113.32627023936944,108.52280915697987
2024-02-23,105.27875661575304,104.97614408308252,109.36378380821002,107.88307162029932,118.93049583767092,113.29509153644496,108.46304438277434
2024-02-26,105.28372471163291,105.02051089397794,109.45170071288204,107.91216082292216,118.8793314288814,113.29669490606476,108.43609746855456
2024-02-27,105.30142414787562,105.0412243886258,109.47073464207224,107.9515152411132,118.79840050300407,113.25022327483296,108.472325978714
2024-02-28,105.28800755419672,105.02677300121964,109.45123506232405,108.01750007327853,118.76684043396138,113.2684287298148,108.48201547003973
2024-02-29,105.27233010782334,104.98939900344766,109.40571998081762,108.03389719356164,118.7207503283773,113.44827375211794,108.4961761963813
2024-03-01,105.25829601973764,104.99739727797588,109.41672572868929,108.00379614599396,118.71241765412069,113.48098411215352,108.44811376103743
2024-03-04,105.25456177808358,104.97117082895048,109.43867052940784,108.00379614599396,118.72897531662367,113.50136401294426,108.43554022750446
2024-03-05,105.22485754712886,104.95733730989404,109.40864281543848,107.96053166475564,118.65931687860034,113.49122650679632,108.43150692409526
2024-03-06,105.20154540791336,104.9415561469,109.37940100606248,107.88974290790154,118.65054054553276,113.43383959107152,108.3966663443034
2024-03-07,105.21524283421267,104.94798752213777,109.39455639036532,107.94955408917131,118.63999768947308,113.43315255949688,108.40713198681368
2024-03-08,105.21424465395054,104.93398959284583,109.3902770805465,107.98622000882754,118.67046813668718,113.4284746412295,108.38281678075658
2024-03-11,105.2035051216348,104.94162540750555,109.38222639976432,108.04263500391494,118.65129578923435,113.4340469206354,108.39806668661602
2024-03-12,105.2208459348334,104.94589046653012,109.40791206273902,108.0489486352442,118.65804047145036,113.41712693213069,108.40883302940294
2024-03-13,105.2346814803758,104.92780378582891,109.44360670704695,108.06680947111576,118.65838652212568,113.4264850380709,108.42738712984286
2024-03-14,105.27743517308272,104.9614859623088,109.4925542637076,108.1144590946836,118.7327744032003,113.41973848567795,108.4121797313324
2024-03-15,105.26791055541472,104.97100689471417,109.5538899173879,108.11253873824582,118.84194537437568,113.54007321683405,108.41016614982831
2024-03-18,105.2769754141224,104.98308765622484,109.5538899173879,108.13753536690729,118.93205570825556,113.53834460487852,108.43998585922044
2024-03-19,105.27499204146308,104.97601056496627,109.54566210410056,108.14961941594552,118.90436936252556,113.58354776637078,108.38322136572332
2024-03-20,105.25971582696124,104.96071274387992,109.42572887167424,108.16871796203203,118.82665370330083,113.56818819622978,108.49376851312697
2024-03-21,105.25608467757574,104.95707867377004,109.41973455278868,108.17985974996913,118.86436298448275,113.56951917003867,108.458193892186
2024-03-22,105.22919688230508,104.9203986209018,109.52529058607468,108.1839831996662,118.80759891144864,113.6018722688451,108.46637997855272
2024-03-25,105.26301004440302,104.93063203683656,109.57871388525488,108.1923526092548,118.75078692820864,113.6018722688451,108.48142506912832
2024-03-26,105.26089518904098,104.92866674426178,109.56784700026314,108.2815580751595,118.76864249772365,113.5661480633475,108.52895196865605
2024-03-27,105.2356514801758,104.89246747666095,109.56330083979049,108.35070361861652,118.74563171910128,113.55662592596848,108.62699774882132
2024-03-28,105.26582197637856,104.89043335939924,109.56330083979049,108.36425930256306,118.72680150526035,113.71549097147305,108.598200616332
2024-04-01,105.31450200744044,104.89043335939924,109.59567419894027,108.38985667026024,118.70284254304508,113.71549097147305,108.62080433138355
2024-04-02,105.3198731543001,104.93950559401556,109.64141839612452,108.41096092822748,118.74524634772952,113.79159458425691,108.7154423472016
2024-04-03,105.3163886545723,104.91473868164938,109.64997609342902,108.340215590783,118.77008180146822,113.7492069618134,108.71845230312762
2024-04-04,105.298696766482,104.9199747819646,109.67075245471284,108.39857415483678,118.7810832823639,113.75897061896222,108.71845230312762
2024-04-05,105.35504872122507,104.93568980045843,109.7280929246691,108.4525474581628,118.85358839773616,113.71872789595892,108.71845230312762
2024-04-08,105.35538471266082,104.95725924278514,109.79277485567188,108.53097003747504,118.84572965548487,113.7733320682062,108.70250989912758
2024-04-09,105.31315943026384,104.93874317908414,109.7061326623533,108.55180669586622,118.83818659543672,113.7937806536756,108.69725703953938
2024-04-10,105.42585446021518,104.95277193996412,110.12184751345563,108.64169717349594,118.89957004776124,113.78296032017008,108.69482328144412
2024-04-11,105.43840078125326,105.00695054475032,110.0371284591664,108.7097343978586,119.04009692310112,113.78292409099208,108.6990067877502
2024-04-12,105.40679089006564,104.92463094040204,110.00264528078976,108.54424854451948,119.06044261426436,113.7985731049462,108.71313756896726
2024-04-15,105.45491492711932,104.95665667178513,110.10635020219924,108.63807040093204,119.21088557412064,113.79109591953808,108.65957301676686
2024-04-16,105.47267356436988,104.98261148646458,110.15680450692062,108.88092925421186,119.52757474201594,113.7648602539791,108.65648040496724
2024-04-17,105.44831677413138,104.97214719790124,110.06218636603516,108.80133825815798,119.9707109866686,113.76350039613,108.6531208865302
2024-04-18,105.46408715655184,104.97848960090477,110.05345737564708,108.7444890190995,120.00713362157398,113.76888003983308,108.64455797755348
2024-04-19,105.45792384112384,104.97849604508072,109.9968311877862,108.65025532448702,119.92139053605968,113.7454778274827,108.64059753762405
2024-04-22,105.4615612929238,104.98326738034405,110.06395244115085,108.56254964997092,119.87182803076811,113.73668362661842,108.62734711260356
2024-04-23,105.4490404790933,104.98261718483192,110.04417094247722,108.57362229473766,119.77467061635996,113.7285502650452,108.64605484799526
2024-04-24,105.46943063060812,105.01423427070807,110.06659669873436,108.6258732167879,119.87997595651431,113.7588967729174,108.62475538030438
2024-04-25,105.524274892953,105.02067419869918,110.10019468291826,108.69950070508445,119.8249624254784,113.72309047563762,108.56384105131794
2024-04-26,105.51653345194624,105.00378317744256,110.07304595958712,108.66770354414612,119.51748656917889,113.7404407004206,108.59813220158134
2024-04-29,105.48403888132712,104.96862135593057,110.05730644483748,108.61675356393935,119.49091227722656,113.7358849300868,108.56616613474192
2024-04-30,105.52925898584866,104.9711063828634,110.0703376844832,108.6343747130518,119.779478119163,113.71496402611837,108.6005162498423
2024-05-01,105.49580182088924,104.9711063828634,110.0680957877519,108.6343747130518,119.779478119163,113.71492029940876,108.6005162498423
2024-05-02,105.46710535965872,104.98300114176752,109.92764018094864,108.57280867939656,119.6662526354691,113.72396471373472,108.6005162498423
2024-05-03,105.4116785674839,104.95642518758646,109.84386838815064,108.4137641724987,119.57905710665078,113.7476245733904,108.6005162498423
2024-05-06,105.40672799300008,104.9493763647789,109.83664078183502,108.30932391972694,119.7573279462942,113.7592008707471,108.60588705845822
2024-05-07,105.38545434619547,104.92738544188154,109.84368251548304,108.0639236815954,119.75692424732034,113.7525802300972,108.7108626172928
2024-05-08,105.40288098567024,104.9347894338591,109.82733224958491,108.04464153769553,119.80678716344366,113.70112931000187,108.70206057592492
2024-05-09,105.37249250353638,104.94454330089424,109.85110949239672,108.04951492284408,119.86176568980888,113.63389735209569,108.5768767967364
2024-05-10,105.41055360713594,104.94210845566334,109.92370252544032,108.1206798447307,119.92579415400957,113.6244816851183,108.64992548624257
2024-05-13,105.410832342426,104.94661102688003,109.98250078222615,108.18455503704658,119.9324937533982,113.6260711966926,108.87257837917608
2024-05-14,105.3752167330348,104.97107653288845,109.9468009067438,108.12434484775106,120.01338741890892,113.64082931428356,108.92028043430338
2024-05-15,105.31120751977204,104.91295442780492,109.90463400079996,107.94397440551812,120.0188857114722,113.67642048658124,108.888041693714
2024-05-16,105.34984472312888,104.94726723889238,109.92295049803909,107.98116095152514,120.03581511355796,113.67947538816772,108.8275948950156
2024-05-17,105.3775117540694,104.9507320911107,109.94844002565472,107.92025377793053,120.05592411562851,113.6408219407403,108.92928396505285
2024-05-20,105.39971490712814,104.95563119329157,109.95182754507498,107.92900241949816,120.04351280557576,113.6408219407403,108.95622664102672
2024-05-21,105.37160885288505,104.94807031162811,109.93791474915496,107.92900241949816,119.978391133451,113.62485680035329,108.94909974070808
2024-05-22,105.38338701298156,104.9529170690508,109.9646964235408,108.00158839807936,120.17808657924358,113.6192576419614,108.94381663743702
2024-05-23,105.42763662955528,104.94272548410004,109.9941588954936,108.02780671070876,120.12629553290849,113.62108952157284,108.9491024045877
2024-05-24,105.42450177453416,104.93893282908311,109.97820075232472,108.1035228719559,120.12134886011594,113.6079295360826,108.92846499830976
2024-05-28,105.47710171240958,104.92289989237646,110.01178496994852,108.23457941045724,120.095614672685,113.64760967642812,108.97869146248873
2024-05-29,105.5033428447562,104.9560330697102,110.06823291697609,108.37195447025076,120.18560539033322,113.69926667571744,108.96847596947894
2024-05-30,105.45198214082885,104.95128014162232,110.04154144584734,108.34135823375506,120.18560539033322,113.67088305322382,108.97271883665589
2024-05-31,105.429649600189,104.95241397548094,109.98447957444448,108.35299425737324,120.14903794132982,113.66711417534948,108.98122757845054
2024-06-03,105.35187157142916,104.9965738791058,110.0545763674928,108.1318106253865,120.14804852187017,113.68355888525112,108.9793468054372
2024-06-04,105.29694254049728,104.9896028884898,110.06750415737368,107.62767435658368,120.20593217695534,113.7358104189747,108.98012981298024
2024-06-05,105.25268292402308,104.96317275241344,110.0182068429392,107.65652451151512,120.2723361975864,113.69054863037952,108.92310600172137
2024-06-06,105.26663333659428,104.96898824236932,110.0171193059004,107.65118409781502,120.2696767326755,113.68137729797098,108.94213406406432
2024-06-07,105.36678242737784,104.99714111658972,110.07658673420036,107.8587034410456,120.36032853335844,113.67202833177464,108.95161540365152
2024-06-10,105.379913005049,105.00927392410672,110.04632187796864,107.85296133147608,120.52069366941328,113.6816458001032,108.95161540365152
2024-06-11,105.3455679128042,105.02369282321264,109.8753372999494,107.81969649953749,120.458768291244,113.6540638078605,108.93087762673032
2024-06-12,105.27562101923712,105.06028107193978,109.85370185657722,107.83808329518568,120.6215683369906,113.63117471933424,108.95845138027455
2024-06-13,105.18785810899634,105.08065000582044,109.89136920652103,107.8065218619803,120.52065650327496,113.61502345772676,108.97039070867152
2024-06-14,105.155007589314,105.11101921967504,109.92046436318756,107.75968585215952,120.48163401404508,113.64542833741072,108.9674019676157
2024-06-17,105.15632770671776,105.1040986937415,109.98408440220032,107.8387023612638,120.5757930169528,113.64542833741072,109.00569350678084
2024-06-18,105.13964965364792,105.13142400204796,109.97948648419738,107.84939670288962,120.51786229098028,113.61982070918042,108.9730684638451
2024-06-19,105.13578223446244,105.1175118411267,109.9779408271058,107.89058510925892,120.59831620336622,113.62673101062934,108.90299647944796
2024-06-20,105.17177097399816,105.11826169463124,110.03137874499691,107.87567107265762,120.48760662450584,113.63015847787771,108.9008262515614
2024-06-21,105.17367169383216,105.114834615176,110.04030093566914,107.99394478474404,120.49752025992088,113.63084223411737,108.97007567686852
2024-06-24,105.1478083114877,105.13726646689985,110.19025687721344,108.06408890314808,120.43652567487942,113.62277562348804,108.95053567514124
2024-06-25,105.15822397546997,105.14501245112696,110.188388947443,108.0689109608643,120.46039866948858,113.61722113331258,108.90364135804192
2024-06-26,105.2249912396118,105.12292717899882,110.13136577789126,108.0989742627412,120.63021854195088,113.62674881169366,108.86545516636856
2024-06-27,105.2227662509424,105.11691849696334,110.21155425293937,108.09563495719075,120.62707057734616,113.61270211472484,108.82352807080004
2024-06-28,105.29055329999156,105.08974318049027,110.27400430626616,108.07899578444524,121.0640576119474,113.70802947862973,108.86197401747216
2024-07-01,105.31622609199728,105.05866715485683,110.22700167450397,108.08184252307242,121.1243464327306,113.68214650683926,109.02286547463244
2024-07-02,105.3161459810671,105.09014020006708,110.22361500418904,108.14082745764688,121.03817972265252,113.6856434355142,108.9121849608984
2024-07-03,105.29104029389023,105.15421838735789,110.25083510729657,108.1630558324177,120.92792415574104,113.6723612106272,108.89687582027912
2024-07-05,105.24335536923202,105.18554957659954,110.28932631663362,108.17233192498978,120.780642176236,113.6380208684175,109.03650570066752
2024-07-08,105.24308502238986,105.21246413929217,110.2883815786486,108.17009117400248,120.76713957970333,113.624928128845,109.08048278047656
2024-07-09,105.2597079820254,105.19821381623176,110.32212437164048,108.15167280800247,120.77713805918202,113.62418736811176,108.97305368175503
2024-07-10,105.23262674279604,105.2177735095215,110.33824186706988,108.06480554512504,120.75160446332502,113.63997081105067,108.95994248280245
2024-07-11,105.19165563315232,105.3106635926196,110.42626707729748,107.98519236575976,120.75345528439556,113.62608959336526,108.91399764651251
2024-07-12,105.13965410234928,105.29865628620824,110.3440732050309,107.9922937216104,120.79999505709765,113.62889452617937,108.86963569566856
2024-07-15,105.203409654747,105.33227953762454,110.33892829652848,107.9308748843594,120.83154426614,113.61817847450776,108.88282342932378
2024-07-16,105.1638792038311,105.36980884523751,110.33904235488184,107.9308748843594,120.80944710203516,113.65197736686216,108.90121886343272
2024-07-17,105.153006635991,105.38105099651764,110.29315248209112,107.88052704967065,120.87428114726686,113.6447162595044,108.88198862092024
2024-07-18,105.1822245307886,105.3698086155664,110.23976685320818,107.97814286908972,121.09741315381048,113.64559691684003,108.86512970840036
2024-07-19,105.21848394477058,105.3462507471032,110.22442643550028,107.99443056116998,121.0947884913276,113.65132465659627,108.83220684654692
2024-07-22,105.22394357925796,105.31599790801538,110.29311062896876,107.978951463495,121.08690002281,113.6458350096325,108.6851174559875
2024-07-23,105.23612481768288,105.34634986526616,110.24577843433224,107.97744562484206,121.0614248887844,113.64815696407184,108.56226428283158
2024-07-24,105.29133170924882,105.34613770065056,110.31681572950087,107.9778956118268,121.0310017257087,113.6504943975714,108.56979557483304
2024-07-25,105.26869898311664,105.37968601324953,110.3448030181192,107.9484153634666,121.20479845376248,113.669165930904,108.48634748542268
2024-07-26,105.24666034358756,105.38646707392212,110.42066116400947,107.957867063467,121.1982754319784,113.63635980472718,108.53777528528616
2024-07-29,105.23076417662902,105.40938590202327,110.43053713507072,107.87869232146096,121.16316654398392,113.62430056710816,108.52525740858836
2024-07-30,105.19236210871816,105.40108076721953,110.39342803390984,107.8840793614318,121.09149823176637,113.60432614624878,108.50801329570564
2024-07-31,105.06144178753712,105.43407032440366,110.50346144054004,107.91957896453457,121.14068853198684,113.62881765155034,108.50124233613232
2024-08-01,105.07981379799374,105.46221089963066,110.56259989981392,107.93827035909962,121.07382771104372,113.64224829360998,108.48954668898293
2024-08-02,105.18948439905984,105.50970882306156,110.86463585541458,108.04028959191744,120.87671406552823,113.63633304170628,108.48599660740256
2024-08-05,105.2854545057304,105.5195900248872,110.88262337828732,108.0739491576721,120.937850870618,113.63017205725389,108.49961794235873
2024-08-06,105.25237722833826,105.5482641981902,110.83942269034668,108.08885995435706,121.09724003915792,113.64081128551491,108.48130430971212
2024-08-07,105.27777112157328,105.4934144289638,110.9020810032874,108.0482858205234,121.06750905482312,113.61272500098336,108.47000174217334
2024-08-08,105.22959048632008,105.48667473250217,110.96965662989216,108.04935753596163,121.09142724211372,113.61752708477772,108.52923841418236
2024-08-09,105.22724331622533,105.52723229017184,110.858521412755,108.05985597273263,121.21774161741548,113.58477108205696,108.5335839557994
2024-08-12,105.25884397708744,105.53124761943818,110.84508625798377,108.13819765617284,121.23714349270512,113.56707207818584,108.6037140099188
2024-08-13,105.21508330080552,105.53743677725284,110.86620948378626,108.19272262925357,121.23544858619836,113.54805732922232,108.52374520823076
2024-08-14,105.2061371155216,105.5783360388352,110.84354705146276,108.16670123940226,121.2642162854419,113.51437857078191,108.47323449742974
2024-08-15,105.22833239223536,105.5639556319844,110.74812086253618,108.16364807412889,121.36540069735896,113.52006553035216,108.52480317948024
2024-08-16,105.234395723743,105.57828845292758,110.84004683982576,108.13772297746108,121.47961638353596,113.50466369714934,108.54135559735552
2024-08-19,105.27927062603187,105.56617171977652,110.8566500286017,108.1748806767052,121.50109540652812,113.52454744041478,108.54169258461796
2024-08-20,105.27966833766936,105.57271774168308,110.86068277348753,108.16291664378642,121.41289991186136,113.50150358940016,108.5732807786686
2024-08-21,105.31147725980838,105.58898404230774,110.91286639730944,108.1056861495703,121.33818263723435,113.48925030156416,108.524009704568
2024-08-22,105.37683112016406,105.55095637900044,110.86615425023756,108.07987679748295,121.57658665983315,113.45166616255878,108.56024696246172
2024-08-23,105.4215408949552,105.57398101128548,111.026465897768,108.11954666182916,121.56107339916964,113.44610237874342,108.55773212134538
2024-08-26,105.46451550063604,105.55423605477314,111.03268546384358,108.10652932109666,121.58666715757258,113.4385749707195,108.50804141742243
2024-08-27,105.48736122496128,105.55045900912113,111.0179772557386,108.08391740473822,121.68547097213114,113.40801111076824,108.51481066874392
2024-08-28,105.52849878859988,105.55949509565887,110.95251463925734,108.10280753557848,121.82509842288768,113.40395164713264,108.54038076927554
2024-08-29,105.62563973387893,105.54348502413274,110.96140661219148,108.13305801857103,121.9438281866732,113.4112402199897,108.57703170341814
2024-08-30,105.6975723055059,105.5405317626186,110.9863685048812,108.16029189400736,122.00504162839066,113.40358258013536,108.55562037358348
2024-09-03,105.74208270321348,105.53177732457236,111.02677935263264,108.1228053355431,122.02145478155214,113.44977182769247,108.44739014899632
2024-09-04,105.74975029863798,105.55409010151556,111.12664518390812,108.2736935733973,121.98933842804922,113.41804518062754,108.45801238664345
2024-09-05,105.80499529464026,105.56380027254222,111.114856254928,108.27321347968646,121.96958415285457,113.37528970275224,108.40674279866892
2024-09-06,105.7329790322312,105.5719436186264,111.18160651475816,108.33809462177908,121.94993645281542,113.35010670381324,108.40188361799734
2024-09-09,105.77033010170511,105.615321183489,111.24067326368912,108.43211281729018,121.98055636861548,113.328748591351,108.37974686545904
2024-09-10,105.83666101944284,105.633257630749,111.2188814837892,108.41146906476624,121.99875141298904,113.32172221531782,108.37401898410896
2024-09-11,105.69644022184644,105.65944163793868,111.2729103068278,108.3933520367463,122.0440124627958,113.25159578520952,108.3535825397012
2024-09-12,105.72327698486924,105.6201326014252,111.29005561262828,108.37217251890814,122.13717817919026,113.20511880552398,108.40399072212615
2024-09-13,105.6988896066776,105.65417768826116,111.5146379419377,108.49505290855302,122.14959857242263,113.2071926688753,108.4417228212634
2024-09-16,105.66515381061517,105.6615994935222,111.5146379419377,108.55799040958414,122.14253094937912,113.207177943553,108.4417228212634
2024-09-17,105.66970960888366,105.65831390694244,111.56738044875163,108.55364564439851,122.16362825129056,113.25077163052572,108.46065567848495
2024-09-18,105.6608456693753,105.6440569161057,111.618803234617,108.54992216005076,122.17746969407996,113.23221867554196,108.4534099300555
2024-09-19,105.72020651577812,105.68434267702509,111.70744954535192,108.54992216005076,122.15023789366496,113.21915061426522,108.44429444138297
2024-09-20,105.78027074033116,105.68531276136903,111.6800015265688,108.54992216005076,122.24872188214113,113.22757579815196,108.3958207516942
2024-09-23,105.79865856117208,105.70806598830715,111.686066515753,108.51798099080284,122.24706314761168,113.20005042472772,108.40792727960596
2024-09-24,105.79931961903226,105.70512922380136,111.75862730525874,108.5294632291141,122.30202049072548,113.2215770988278,108.44678251772076
2024-09-25,105.87274262352146,105.70580063871542,111.7466680213786,108.5230546640324,122.3124630323194,113.20991828758852,108.3970528554198
2024-09-26,105.909047886386,105.69565370090751,111.72299687396658,108.5157775767243,122.29493378132752,113.17875195081407,108.4972453647023
2024-09-27,105.87585513670166,105.78342979654384,111.75229520967171,108.53459646385195,122.30746080839468,113.19785786785586,108.70277915206016
2024-09-30,105.91192214647523,105.81079918298416,111.68821680409988,108.50864072567332,122.3437043411235,113.25358913887128,109.004797734952
2024-10-01,105.86403268276952,105.849284454212,111.68821680409988,108.57268306540804,122.45635535935637,113.32060656919424,109.004797734952
2024-10-02,105.92161174929106,105.82745776045913,111.65620110947762,108.49458341864838,122.52446787203182,113.31545042737044,109.004797734952
2024-10-03,105.97030525696476,105.79039972774147,111.61326584070184,108.3981315709614,122.50539280774667,113.30064237007592,109.004797734952
2024-10-04,106.24088834326176,105.68010839180776,111.56913043849876,108.31145400787844,122.45483582007944,113.36276430385564,109.004797734952
2024-10-07,106.4373395656688,105.61148990559472,111.49858962066855,108.27598649663553,122.46152819578684,113.3135777772484,109.004797734952
2024-10-08,106.3986449710573,105.65073383265788,111.52736183860247,108.30186191654992,122.49838262979084,113.35360395045372,108.99342919960552
2024-10-09,106.489769843178,105.62223904758253,111.50906059906303,108.25336593692276,122.42681475757595,113.2659289236484,109.056844911245
2024-10-10,106.46914550202872,105.65175028695994,111.51841920254888,108.21445926164674,122.35128052708684,113.280340678638,108.91083583459458
2024-10-11,106.54775686095417,105.67108768036276,111.5044525672476,108.19822299883324,122.20749444882134,113.30599781811736,108.86161649403216
2024-10-15,106.45302194420807,105.70003288886328,111.4937330173286,108.15586067457144,122.16133335095424,113.36643966223522,108.7908150902539
2024-10-16,106.4294092653396,105.72509678872191,111.40287702088084,108.13796455606295,122.0631512648873,113.3922159144724,108.87087695641492
2024-10-17,106.5536015773507,105.75889666880838,111.44698439540564,108.0724613504622,121.93939762395584,113.38163095223332,108.82023256659208
2024-10-18,106.5380253264529,105.78224308627156,111.37358257124288,108.08920607906016,121.913388886585,113.39730732820176,108.88336816852096
2024-10-21,106.7277622492574,105.77027447174694,111.39853527592946,108.00870220139755,121.87799286822724,113.36720111481816,108.87594926935434
2024-10-22,106.73217536513056,105.7520835139633,111.45272515833034,107.93983243467387,121.79231796020696,113.35241778685024,108.9409421468847
2024-10-23,106.78422578790448,105.78510074810634,111.45164153522391,107.94909575716277,121.68447643887136,113.37095505648676,108.92984522383
2024-10-24,106.72944828179588,105.82651490170254,111.40224863585844,107.99339500418128,121.70957779761254,113.33735927178854,109.02015388147008
2024-10-25,106.73552127806028,105.79621608961509,111.34031420853304,107.96043023419722,121.56799177317974,113.30561342022338,108.97516311754148
2024-10-28,106.78423044163084,105.80954184437826,111.37426200083864,107.9009789809594,121.54215819736116,113.32124480373784,109.01357440320024
2024-10-29,106.73407138285484,105.79325850249404,111.36208629193054,107.88206678448763,121.48071748210118,113.34073698599728,108.98512574179684
2024-10-30,106.77932085723944,105.68310414433184,111.424526704513,107.87056152520944,121.47208694311836,113.3714608748414,108.99181366697567
2024-10-31,106.7451117940984,105.69251752007617,111.43429367406372,107.87056152520944,121.46246047096652,113.36736115544798,108.95363203076644
2024-11-01,106.8615014214323,105.71109500170692,111.48064589951774,107.86124099324324,121.18586857536258,113.3664449558401,108.99431382268683
2024-11-04,106.73750004207852,105.68947076803772,111.4694867964918,107.90750176710384,121.3103719781911,113.36866757822152,109.01931994624026
2024-11-05,106.72340805829256,105.65313726215123,111.50936985562603,107.89382805994674,121.33955248268732,113.36636546850931,108.994731672222
2024-11-06,106.90097894310972,105.78775475455052,111.53297748692955,107.86512133090108,121.30625882268085,113.33959852435542,108.98373937156028
2024-11-07,106.82969882813389,105.83002183241544,111.53974004314588,107.97518212887005,121.53497729369032,113.36675142775572,108.9317184227362
2024-11-08,106.83824422265684,105.8397379712652,111.5456762860482,107.938838018745,121.6769342711974,113.3831979831412,108.89621887679436
2024-11-12,106.94369986035326,105.84752987230183,111.54257243165486,107.79077318211982,121.88536736781695,113.38595774205533,108.77345921284876
2024-11-13,106.83876664764536,105.82639405575482,111.59278003261647,107.80384196195902,122.02797603259644,113.37783612887536,108.8893371385857
2024-11-14,106.92549105568604,105.9472588395644,111.54789163618312,107.82846688683529,122.03324538471716,113.36345044749484,108.84496049704062
2024-11-15,106.9484023485751,105.95236291284236,111.68838082833048,107.84810622506642,122.03324538471716,113.38126195607398,108.91546826907457
2024-11-18,106.93414192435552,105.91903441861444,111.68838082833048,107.84723750780172,122.27073469706109,113.3765953893114,108.92047435281178
2024-11-19,106.94368632823924,105.93706699905906,111.77627990770183,107.90515617251953,122.36745901847895,113.38649888944109,108.8821111754689
2024-11-20,106.96977872799388,105.92647780296052,111.75372927291464,107.91937651398038,122.36745901847895,113.38619232335074,108.87220603478232
2024-11-21,106.97899822680586,105.95291648025376,111.76618801419222,107.91767454211968,122.4615004674454,113.4104216305736,108.82040500011558
2024-11-22,106.95092245566424,106.01368110308498,111.8459593702618,107.87373498634656,122.42371541274582,113.43506567286,108.82040500011558
2024-11-25,106.83071122903849,106.0304342915826,111.84064004119926,107.86715739613336,122.36215098215564,113.43969920965613,108.83023528082072
2024-11-26,106.8533356295825,106.05666939064304,111.91351718006123,107.87613043332894,122.35592831651564,113.43517947427814,108.86701736980164
2024-11-27,106.81013856724611,106.05501790512716,111.88975089367268,107.88898528916644,122.1472281797334,113.42833777937844,108.8843749958518
2024-11-28,106.8081259521753,106.06981455699822,111.91797253580584,107.88425181166738,121.98758087141964,113.41409935030012,108.79819986911284
2024-11-29,106.7312228667091,106.08377669777622,111.90548270620437,107.89729269588396,122.07541239492,113.26766247603742,108.79620005124222
2024-12-02,106.7684641219884,106.05505502137552,111.99235075760404,107.9116402623707,122.066198765564,113.38505394339576,108.78277091155248
2024-12-03,106.78408578267673,106.06248347453771,112.00687697774744,107.91045486492207,122.00798401645284,113.36588842084328,108.80463357370276
2024-12-04,106.74478852589328,106.05446995582597,112.06136576750426,107.90559108956496,122.05595996677702,113.33551533106636,108.7743120284912
2024-12-05,106.7395972956692,106.07483969031972,112.06202360088128,107.92442647522576,122.09043510524796,113.36936381396504,108.7825950006496
2024-12-06,106.69439911975438,106.10098218647386,111.98967502168357,107.90430631723429,122.14448705770874,113.46698789716866,108.76867378346653
2024-12-09,106.7782402370538,106.0933819372159,111.96946905012835,107.90999524865286,122.22855725780954,113.46002556652049,108.7511172129566
2024-12-10,106.79803292735998,106.10345193436346,111.96992775525544,107.90536230454876,122.27868962462888,113.40355214521573,108.76338101322472
2024-12-11,106.89575721679748,106.11378601655464,112.03333195205434,107.89272182227414,122.27682800805376,113.4402286637487,108.7647296085586
2024-12-12,106.9917937739681,106.17360083083204,112.03333195205434,107.87971998723572,122.21542219363096,113.45461586382253,108.79663023626296
2024-12-13,107.10412544978485,106.18061750672308,112.1091594634208,107.87917282872095,122.33504573885656,113.4635480260843,108.764239402898
2024-12-16,107.12139486241584,106.18618742324706,112.2409456019653,107.8930951616328,122.46005404062008,113.49444953332996,108.7490966235139
2024-12-17,107.1351974928302,106.1849143343148,112.18823100813007,107.85322270089031,122.50890412690384,113.54734445131672,108.68320443539162
2024-12-18,107.31013868449509,106.20215050669796,112.2392443079864,107.77316669125508,122.60492984161706,113.51058535073815,108.71338105739184
2024-12-19,107.38345593554112,106.19244412323128,112.18881503071415,107.7593887581817,122.66107066499426,113.63102408901092,108.69399434153482
2024-12-20,107.35004392310972,106.201675911309,112.24308078166716,107.74776248716113,122.6689040121842,113.64164891219382,108.59665269458682
2024-12-23,107.46605317988292,106.18762652087295,112.25471316306287,107.70091937780091,122.72811893515166,113.6076924353607,108.61228013385688
2024-12-24,107.45832024573134,106.18762652087295,112.2000973054046,107.658606534267,122.72811893515166,113.56275834053083,108.65355675185448
2024-12-26,107.44254176945552,106.18762652087295,112.19669752862038,107.6690768110372,122.38467971925576,113.54206535272104,108.60607185171114
2024-12-27,107.48871976803872,106.17039377356345,112.16118802447583,107.72225320850262,122.3947498446326,113.58234076736208,108.56748844988068
2024-12-30,107.402509460554,106.19980021025636,112.12874622622866,107.72990844364712,122.38229390808569,113.56140340226648,108.6585915313344
2024-12-31,107.4346892365294,106.19980021025636,112.23087870915288,107.72990844364712,122.38229390808569,113.55255995639229,108.63311042806984
2025-01-02,107.38367138195107,106.19512376042351,112.2215958972014,107.73694289356337,122.36497645192723,113.5643048292717,108.57495114549364
2025-01-03,107.4015039074184,106.19549567433582,112.24106852888389,107.674406532123,122.22921163465972,113.55126691960982,108.55165134526904
2025-01-06,107.45308576979636,106.21365552904214,112.21442361494712,107.68074988035453,122.33976968250587,113.52244728842662,108.57187438388824
2025-01-07,107.49847262712562,106.2515666798774,112.20581774193728,107.65492156191488,122.32729960713245,113.51995152233386,108.482479835063
2025-01-08,107.49775098611616,106.29005551026354,112.17971281685048,107.65432608395795,122.39410990622682,113.5551657665169,108.4633121035342
2025-01-09,107.50724701680927,106.31364731922952,112.19294413645372,107.67185743906184,122.46314529104832,113.5854735365573,108.43619228810712
2025-01-10,107.5867787983334,106.31274556086332,112.16697773426344,107.6265829262776,122.40825888737,113.60694794450086,108.46575480907
2025-01-13,107.62698663888818,106.31351425029143,112.13296695718766,107.61446544544376,122.50153460845785,113.65041301678262,108.37978896122225
2025-01-14,107.6330141227602,106.31756128719134,112.11133430176454,107.57333837325469,122.54470504678665,113.60339709298025,108.4254396508846
2025-01-15,107.56500652161922,106.28336964006937,112.1031738141149,107.65827675948888,122.61055323560883,113.58848742772592,108.41782609604098
2025-01-16,107.53908023362588,106.28314729021324,112.10181532033263,107.66892627444976,122.61006336833348,113.48693676139312,108.26511633356328
2025-01-17,107.5551729335716,106.26825483954062,112.09958088678944,107.69780373650389,122.64199787674784,113.49482904786218,108.30900587687997
2025-01-21,107.54670405196664,106.24792341626366,112.00281136104176,107.75303233670608,122.70950753618727,113.46117319203351,108.3818511246954
2025-01-22,107.59013989180691,106.25087769373536,111.98738996854902,107.71946652256985,122.74132368471138,113.43199721980297,108.33377745635448
2025-01-23,107.62146459709388,106.25083546897638,112.0055985823548,107.63981824407776,122.78785757678897,113.4329365162657,108.3477174850111
2025-01-24,107.61415642793604,106.26261809135973,111.97755739366292,107.647378555372,122.8512793170274,113.37656407565537,108.374123569926
2025-01-27,107.56264978612091,106.267593755989,111.96959062636212,107.62203720231234,122.93720159416873,113.38532240501596,108.39214013300528
2025-01-28,107.54712457025876,106.26719510804182,111.93263628913752,107.63505366061312,123.0324780895631,113.41291642474842,108.39214013300528
2025-01-29,107.54733476189806,106.268283474695,111.96303701441737,107.58934494385718,123.09008054425928,113.42562869310473,108.39214013300528
2025-01-30,107.53824459894012,106.2280550720305,111.89262053226672,107.6072562987158,123.3243181992397,113.37131586539452,108.39214013300528
2025-01-31,107.53932116067048,106.21075002708632,111.94232604875609,107.6086550324938,123.31483621285584,113.449590351704,108.39214013300528
2025-02-03,107.53524913504717,106.16611888702847,111.94232604875609,107.6048759992427,123.34125076373306,113.43899457301734,108.39214013300528
2025-02-04,107.53083449176066,106.13976502795587,111.85224934923154,107.61733819992668,123.35137339261286,113.46237697273816,108.39214013300528
2025-02-05,107.51789444008224,106.1353306159241,111.82756158757104,107.69277141510862,123.39699772746523,113.41403157168465,108.41164302378952
2025-02-06,107.53036414338948,106.14146922572618,111.79351832826924,107.66280759232184,123.41710990363488,113.43147180894616,108.3839975357346
2025-02-07,107.54809487153584,106.11483907836548,111.85684401708004,107.64973309235376,123.44205323749134,113.46915895481584,108.38613008457044
2025-02-10,107.53688837468005,106.1227551618714,111.84469049746016,107.66912807912534,123.45205820610946,113.40934827159997,108.41759632217578
2025-02-11,107.54187414837271,106.1882115819528,111.84538712676716,107.67434610789176,123.45065672581642,113.48122684825977,108.43909615346878
2025-02-12,107.54307664744168,106.20587988889103,111.86152866481672,107.64617330692334,123.4676614725323,113.48215111347469,108.36500801883476
2025-02-13,107.51651608107392,106.19404131772332,111.79451202290228,107.71869976834994,123.48689923513166,113.43642271709776,108.40095716732078
2025-02-14,107.50566775877456,106.20576178593768,111.70547882645752,107.761543621429,123.50010096600046,113.46755814723508,108.34922152098837
2025-02-18,107.54022323706371,106.21471457941551,111.71221743063155,107.77129464244396,123.51351332692468,113.4737468993816,108.2764911133476
2025-02-19,107.53917641196222,106.22601541602911,111.67734611013984,107.74620862499238,123.50079335064304,113.474920193155,108.36270184675286
2025-02-20,107.52753982296196,106.22529952160347,111.65721291084324,107.73705890162408,123.47517342608072,113.5203078418932,108.2666517605184
2025-02-21,107.51472631741346,106.1938469204759,111.53116554103184,107.74569957205811,123.59685094663038,113.50125609456032,108.13493099734764
2025-02-24,107.51557526917972,106.18426046422351,111.55185023247786,107.73265435775966,123.42954870800396,113.48762894638868,108.16251407926404
2025-02-25,107.48365645869178,106.16546169279732,111.57033310239174,107.78006162627972,123.39708590271432,113.45476084741586,108.23288910710114
2025-02-26,107.46829091061294,106.15966136252632,111.59762084470265,107.7955650446835,123.21065807900754,113.4566198784874,108.27451380815025
2025-02-27,107.46840292646904,106.16380647429122,111.63084077469728,107.81921599426424,123.10898484616706,113.60983635710546,108.24308413971654
2025-02-28,107.4819305957876,106.13809610421268,111.62007337941972,107.82541960743872,122.99963119331846,113.571975300093,108.22257275111
2025-03-03,107.46963278303774,106.1639772025536,111.64717663201976,107.7816560352729,122.99963119331846,113.56414673830965,108.2223494705514
2025-03-04,107.5051237027193,106.17925664149529,111.6604128756823,107.8232169376211,122.99963119331846,113.54311802118188,108.24419065126534
2025-03-05,107.51648272575504,106.3726837667194,111.69016232809604,107.76984049944676,123.15329247739469,113.47967064519386,108.2597860963462
2025-03-06,107.55195149062853,106.40854643934064,111.71215674086817,107.80388587803354,123.18212379548616,113.5166558499582,108.24719187231248
2025-03-07,107.53175457928808,106.47110723987652,111.73546443453466,107.84043903460324,123.29095117921088,113.49911879394814,108.10208450401012
2025-03-10,107.52301165330492,106.49897315947014,111.73956909364236,107.99446121775593,123.34445993597754,113.5137593326224,108.05620986771363
2025-03-11,107.50421491658992,106.59576413387408,111.7664146691403,107.9320571480962,123.40127580996348,113.45850520588188,107.97306000581214
2025-03-12,107.46255255732338,106.56803466381491,111.77784154923005,107.83234809733749,123.4447422004133,113.32934970095197,108.07490857251156
2025-03-13,107.46442695093695,106.55383224780878,111.80699954067894,107.8372623332942,123.45838423151956,113.34307531831128,108.08882266321548
2025-03-14,107.47344275402088,106.58574289343277,111.74538542396115,107.90397473740438,123.4967045353172,113.33974668305464,108.10129538104454
2025-03-17,107.46320625512963,106.5456757129001,111.74538542396115,107.95563475120386,123.47797641315456,113.26788507186978,107.94480317835358
2025-03-18,107.44420960030683,106.53466443388449,111.74927453399116,107.95719337628178,123.49608306651952,113.25469023472336,108.02486078875282
2025-03-19,107.43215989283247,106.5168376835178,111.74594191976556,107.8989742544746,123.56045002786692,113.2577901825813,108.05360025084352
2025-03-20,107.43937468217064,106.52030729615709,111.72304762667268,107.91359108311435,123.414991260653,113.15823743472872,108.1419236466918
2025-03-21,107.4338466764396,106.5215336780548,111.72893137769717,107.92251614242458,123.31826469497273,113.20521403977976,108.08509303081128
2025-03-24,107.43674727016015,106.53335223497496,111.74179739167576,107.91618677235309,123.25850399452796,113.2194950334238,108.21565894841052
2025-03-25,107.43944993405772,106.56831171924944,111.75958936160654,107.8804937040588,123.08986098633304,113.23781626095784,108.1815772402233
2025-03-26,107.43182926041,106.52548576620346,111.77216207804616,107.86998709212796,123.06631360912984,113.17529600615369,108.29355153686906
2025-03-27,107.40234821631788,106.53778503475408,111.62649184014016,107.85044543992564,123.14065265436628,113.15262328476052,108.2673593455539
2025-03-28,107.40936938848836,106.49260064777036,111.59126558136803,107.85365254320128,123.02079952786696,113.14407570788336,108.23795903403546
2025-03-31,107.42238539512634,106.50506379074533,111.6014177893916,107.84886293203004,123.07441451197889,113.14407570788336,108.23413224493056
2025-04-01,107.425949310552,106.44397995523865,111.6432052542062,107.88693277086294,123.0930274157461,113.14371477185826,108.22738138406878
2025-04-02,107.39786466970374,106.48703768453164,111.66564742912296,107.88458281007574,123.07399789241572,113.24662664254352,108.25964592617376
2025-04-03,107.3538772736783,106.36997200142548,111.5109723387969,108.02725986717785,123.37406081870724,113.30036067943826,108.47978497675432
2025-04-04,107.38935245711814,106.3216581415621,111.439124934836,108.14350719329803,123.5321728336476,113.41172983684947,108.47978497675432
2025-04-07,107.4189123346308,106.28872056713436,111.51960318579076,108.1119158870032,123.5431738303187,113.46961780260668,108.69511302185477
2025-04-08,107.39587069957456,106.32649421669956,111.5070689846411,108.1660115942337,123.39447999962653,113.4536836096742,108.6493460971654
2025-04-09,107.53337019131727,106.2905594034324,111.53800545805066,108.06434552051154,123.37546401686812,113.61822657453156,108.79115662269886
2025-04-10,107.4522558940192,106.35050131863866,111.54471924540852,107.98294394737856,123.44642334652067,113.61629108042874,108.83101017692915
2025-04-11,107.48496069078814,106.33146368722704,111.59007938318231,107.93077452306872,123.45856888678765,113.61018706239985,108.832967320736
2025-04-14,107.44684435091747,106.4073800638927,111.53840706863434,108.011071769726,123.5367823491838,113.61018706239985,108.79985628713932
2025-04-15,107.44131226397762,106.43920386368296,111.40833150750848,108.04869490783776,123.521014472669,113.74225435516269,108.7759978711526
2025-04-16,107.42093441335572,106.45495246429071,111.41647819238028,108.02062683514396,123.52209218526404,113.81045015863296,108.76107123112097
2025-04-17,107.40276345642732,106.47417357333492,111.41289241559198,107.95124381323517,123.52944866551314,113.80970141218936,108.72474838575874
2025-04-21,107.3869206532522,106.47417357333492,111.38281197504952,107.9149647947764,123.52944866551314,113.79619271210524,108.6792089814408
2025-04-22,107.3853961806246,106.45585762079604,111.42310122609156,107.92576465205224,123.56907013645618,113.80003580641568,108.7394733181334
2025-04-23,107.3945135044124,106.48692705803286,111.44455189426137,107.94748009870597,123.63202033538056,113.81284987610525,108.69776164281126
2025-04-24,107.3747432110408,106.4690045533974,111.40229343273782,107.95992445853592,123.7756149833941,113.77661065099164,108.7085069300031
2025-04-25,107.39814428028868,106.47364255883043,111.38034662444196,107.96247907582256,123.70773435221886,113.82019050363728,108.74214162523312
2025-04-28,107.38710545189652,106.4787525777258,111.37126532366896,108.00930429894686,123.67672261986128,113.82629478885092,108.75303297774948
2025-04-29,107.3874994002784,106.51873614914876,111.37403861299488,108.05797364649132,123.61724407250144,113.78791704745127,108.79235512752572
2025-04-30,107.3808671400776,106.49327487149831,111.3251927281178,108.09142491027934,123.68732649230374,113.7669759000235,108.79489463614452
2025-05-01,107.37999642813789,106.49327487149831,111.3251927281178,108.09142491027934,123.68732649230374,113.76032716424103,108.79489463614452
2025-05-02,107.38993400435707,106.53285173667872,111.30691324830129,108.01166435398066,123.66703081090668,113.7596083190808,108.79489463614452
2025-05-05,107.3487818407039,106.52744759984056,111.28402104084024,107.98377393020908,123.60190170968244,113.73405105487618,108.79489463614452
2025-05-06,107.36279553079864,106.54098544572824,111.33534766456737,108.02876262746186,123.65750550727306,113.76426653632772,108.74481053009262
2025-05-07,107.33163658275456,106.5387512214069,111.3332175186367,108.02236627337652,123.58761854263729,113.73296971824176,108.73678204154132
2025-05-08,107.33877823437648,106.56910202169306,111.22516273933796,108.0151015313932,123.55309779697392,113.76818709718744,108.79729678148848
2025-05-09,107.34889601453764,106.56143573706338,111.20656404358787,108.04144655048164,123.56045605389632,113.76927653709376,108.770600530982
2025-05-12,107.35977472831462,106.5786161080263,111.20244175140152,108.02848895212968,123.56281637770608,113.76927653709376,108.6055794614728
2025-05-13,107.35289427407996,106.6121612076633,111.13593749218752,107.96921822854098,123.54202368303076,113.76205662405734,108.66725794150425
2025-05-14,107.34447548749937,106.63399161361798,111.12011666842636,107.93687109546374,123.54231339594132,113.74819579348106,108.60260310266445
2025-05-15,107.3314366833992,106.6209334824225,111.24435373234436,108.00696879257998,123.54186341683496,113.76113723658725,108.55658060109654
2025-05-16,107.28644922269378,106.61227049965728,111.2654825857055,108.00460194313442,123.64862893244351,113.77545107696383,108.56532076857631
2025-05-19,107.31169964349417,106.59603344637036,111.2544875292048,107.99784374560964,123.68756529197826,113.76500265915357,108.64422666164144
2025-05-20,107.270064344684,106.55766024896651,111.23835513886397,108.01926617631538,123.66581754966695,113.72674168692728,108.60051507628629
2025-05-21,107.26834513603552,106.54090322715724,111.18902688773343,108.01926617631538,123.66150917046129,113.76970409264358,108.60105781257776
2025-05-22,107.2519374580974,106.54123889548649,111.1505044851523,108.02607440294948,123.66741086669327,113.78351280596723,108.6219983095646
2025-05-23,107.22572412925622,106.51979201090673,111.13993001253826,108.00158042680192,123.67075092203903,113.75610519057456,108.6182024042721
2025-05-27,107.23936223626028,106.53177628592954,111.13196562629275,108.05086342588028,123.73907807483369,113.74973234311008,108.56092848026384
2025-05-28,107.2418371102265,106.52011342311934,111.0957199638141,108.04310670888096,123.7298513216076,113.746866666241,108.59319463285854
2025-05-29,107.24462439906073,106.51704982648238,111.0853117317478,108.0718904154206,123.71875240016948,113.6994442059611,108.56061531012016
2025-05-30,107.2271543878194,106.51677067072444,111.08281399291543,108.10228094511535,123.73704151853342,113.64532442473865,108.60956755477952
2025-06-02,107.22221201514397,106.50765135801612,111.0621516744132,108.1027157151244,123.73613640675028,113.69271136798343,108.60956755477952
2025-06-03,107.21598389997908,106.50903573429912,111.05016990331858,108.09904109720954,123.76117676711593,113.75574006423376,108.59906677375466
2025-06-04,107.22152858641276,106.52459435488797,111.05119436213108,108.11354167077631,123.75572460912562,113.75977511352455,108.61297999147372
2025-06-05,107.25449200742298,106.54222138882704,111.0087252167678,108.06001305250903,123.86777854245044,113.78264837355678,108.68467325622936
2025-06-06,107.272334016454,106.54239360810205,110.96905902741923,108.01168679577296,123.85844396372208,113.76567915150596,108.70145978917732
2025-06-09,107.26020820987044,106.521786908455,110.95704105030828,108.01538894458368,123.86138161275402,113.77546707922632,108.7214065198748
2025-06-10,107.26146808203713,106.50438715084624,110.9133825340012,108.0134838709186,123.88522339612626,113.66780905825108,108.64782949414747
2025-06-11,107.2432672154839,106.4969192122564,110.92068423709158,108.01211154203143,123.8645297668051,113.667625243166,108.67111532901404
2025-06-12,107.26350675607048,106.52061700791336,110.88327416286998,108.0438565030361,123.83135397377347,113.63980352083628,108.63679702970084
2025-06-13,107.26020984082083,106.54637929360037,110.85601747011802,108.0231558235356,123.83988422844024,113.7088574935834,108.64622877613913
2025-06-16,107.26208141860624,106.53251451095872,110.83124598036363,108.01048694639675,123.81609209335544,113.77835823283615,108.65161623949427
2025-06-17,107.25495506409486,106.53272022845836,110.76825305466144,107.96587281378052,123.78326685216786,113.81475043693328,108.68580577353946
2025-06-18,107.27325772707006,106.52770798500354,110.76027030466122,108.02879157255369,123.76273424079837,113.85089819206144,108.66395053106434
2025-06-19,107.2706783269405,106.53154117364144,110.76533787685848,108.0510129853614,123.76273424079837,113.7623432964814,108.65494796169988
2025-06-20,107.2621304903307,106.5093068171314,110.67446769264176,108.0510129853614,123.62602560804984,113.7609469288178,108.651849152267
2025-06-23,107.25380898780566,106.51576599037828,110.72778585910784,108.04630046510384,123.62625637588592,113.75674097546012,108.62627210306457
2025-06-24,107.2649113928211,106.49579680157116,110.72849808717034,107.9928853567363,123.60533945028143,113.82238581402346,108.60530258288554
2025-06-25,107.2763849847679,106.48693084523345,110.7202587253691,107.97540576741288,123.61383330020723,113.76388686788854,108.59098357344354
2025-06-26,107.254700634013,106.48478896672952,110.69407373582952,107.9513779885751,123.59824406864392,113.7776020145379,108.61423850018414
2025-06-27,107.24848983578347,106.48696535712084,110.67059033400064,107.94774919739524,123.59839636646144,113.75056296775227,108.61097532855146
2025-06-30,107.2887580716586,106.47487329176676,110.77347600739344,107.93836575214657,123.600410202401,113.73170902183602,108.59462225532208
2025-07-01,107.30450904140665,106.4899534496799,110.79368403421172,107.99265943655038,123.59617115855622,113.79351495645808,108.58278801181991
2025-07-02,107.29037838118758,106.52228100260032,110.82776383745713,107.97032943718872,123.58785280511124,113.80133602365164,108.60063349069216
2025-07-03,107.29312335352274,106.4911541380944,110.75917756435474,107.9568748269394,123.5836404779115,113.81795599522096,108.59957567412124
2025-07-07,107.28184396148195,106.49963725914826,110.743730370162,107.95622877564531,123.57456525604968,113.7601509630423,108.61254459325254
2025-07-08,107.30514223045324,106.50741996169332,110.73658682618522,107.9598494462769,123.57557730800434,113.75215236521616,108.60866587866546
2025-07-09,107.28631170948113,106.50907644520451,110.72814688882686,107.90806409617328,123.57540733683594,113.716086765998,108.6137381242114
2025-07-10,107.29258085125107,106.5143509200968,110.74894092681538,107.89436558294788,123.54819005544668,113.7481311633916,108.61093708262317
2025-07-11,107.27486419324204,106.51939853496306,110.6925880154853,107.8429149870439,123.548022518668,113.7140767145494,108.6136807809595
2025-07-14,107.2910742969033,106.52870695821028,110.68159199924015,107.86497723725348,123.56476321822656,113.71146190608748,108.59808431649324
2025-07-15,107.31014516712963,106.528950110908,110.61466304921149,107.84668295758031,123.54669139747584,113.73333975298824,108.6247751355656
2025-07-16,107.28354741008503,106.5155075679071,110.6510190101042,107.84668295758031,123.56361294624244,113.73894144963393,108.64291118918916
2025-07-17,107.28007283063428,106.5370756754424,110.59404264609198,107.85178190001174,123.56539692849316,113.78293322429673,108.63389789882716
2025-07-18,107.24612664936508,106.5276994493264,110.5752642857912,107.86143318361674,123.58138939629865,113.79802281245787,108.58915829230332
2025-07-21,107.25040221294906,106.54201877902092,110.56955055547267,107.89477137661476,123.59621833735814,113.82597131871276,108.56546028338131
2025-07-22,107.2448277783897,106.52955206696288,110.65281916506574,107.92766641097283,123.60015640244367,113.866545205166,108.55428178863768
2025-07-23,107.252315412571,106.51842831163265,110.72509884102328,107.90603578797504,123.6003673987412,113.82945287455313,108.5805168808966
2025-07-24,107.2775189467156,106.51253465865165,110.79539843952952,107.8748795721983,123.58293519809396,113.80372804215231,108.57828173069738
2025-07-25,107.28562479043156,106.5161147848378,110.80793015286665,107.90238965748932,123.57936725578756,113.77797027175698,108.56973412894114
2025-07-28,107.25700924514544,106.52383806944492,110.8165852406617,107.89863510284256,123.5692980242541,113.73846269444046,108.57358360624568
2025-07-29,107.2467194567796,106.52582351729374,110.9261092880618,107.93617439581476,123.57472602173895,113.76001858544826,108.54151308971178
2025-07-30,107.26025961826085,106.48351696694436,110.90356812072568,107.9004223096406,123.52695414275355,113.7964035352645,108.5536568854002
2025-07-31,107.24473903331877,106.49781309545648,110.91090375642187,107.95202399167256,123.4992617166656,113.83082311258944,108.57210943618922
2025-08-01,107.1843108942427,106.49168456216889,110.78211652392773,107.99713510717118,123.51891737903932,113.83200982169926,108.5478915281826
2025-08-04,107.18071850463105,106.47715191403933,110.75866285879866,107.96254450642692,123.53563361033942,113.90288433184976,108.56658703194395
2025-08-05,107.2144395580518,106.48176408874475,110.78647145521175,107.98658767221978,123.54613553741856,113.9009797454973,108.5782709833636
2025-08-06,107.18630326055349,106.47640119637217,110.74405916036592,107.96021472707469,123.54755819538936,113.79860951360692,108.570451331159
2025-08-07,107.18997876656412,106.45711888041802,110.65060004543764,107.94234655397985,123.58020005771596,113.78419737317174,108.53898104737432
2025-08-08,107.20159647894162,106.46822907271276,110.7101620210269,107.91545304383725,123.54417342154284,113.79368947740184,108.53247404682796
2025-08-11,107.2136240536138,106.46116015875867,110.64221610144044,107.89175473374212,123.58753731759832,113.7841779609832,108.5538665706981
2025-08-12,107.18891630941766,106.47126568800792,110.6474051483295,107.86659994732288,123.65824947115208,113.75692201725744,108.54924896445624
2025-08-13,107.1303900954008,106.45403392629238,110.5878844047672,107.88690111420118,123.6757207212068,113.74012338568666,108.53990855351292
2025-08-14,107.13762362412534,106.46740942184294,110.62750263246566,107.84104750808324,123.66973282620944,113.73375665589776,108.53636356062596
2025-08-15,107.13190729911156,106.49757640740154,110.63096699325806,107.8438506908076,123.6862154582012,113.7360508922818,108.52729373385208
2025-08-18,107.09890449303968,106.47609679855329,110.62161553486432,107.82203641477592,123.68125506970884,113.76253077719254,108.51262589433664
2025-08-19,107.08389959020968,106.473258155178,110.63652043048258,107.8085186730855,123.58435376964992,113.78428080846686,108.52136716184538
2025-08-20,107.08481894444948,106.4737287709976,110.67711249349634,107.82961247542684,123.6316921576472,113.7847626068132,108.4984136567889
2025-08-21,107.09919497118854,106.47369982573512,110.71242181953104,107.80060161835104,123.61570704184244,113.79321776316256,108.51641751267388
2025-08-22,107.04936800601894,106.46147073637331,110.62961431912386,107.80995307893257,123.69719749931753,113.78226536397848,108.50270879076632
2025-08-25,107.03385228526932,106.46919785712588,110.65777992555526,107.79686882407056,123.721967496879,113.78584455197289,108.52796870571495
2025-08-26,106.96189328316062,106.45653257124364,110.6288132202222,107.81674612418075,123.68642100742176,113.82973453022902,108.52872657447988
2025-08-27,106.90793842796285,106.46640390126478,110.6217773730498,107.8038830869367,123.70628227159224,113.82973453022902,108.52097342890788
2025-08-28,106.8461649019022,106.4882534419986,110.57986190163004,107.8066377423434,123.7327047767376,113.79176745532136,108.53748690298532
2025-08-29,106.79391774537284,106.47120977857922,110.58278543082513,107.7878810631668,123.719726789794,113.8300901270751,108.546000266967
2025-09-02,106.74186193566624,106.44037658566624,110.62427926121818,107.71862735761516,123.68319884767604,113.8129115223484,108.52032109457753
2025-09-03,106.7303314101122,106.44984502520296,110.61024871212474,107.72536230523792,123.69363746513736,113.78364450364252,108.50339140468068
2025-09-04,106.66047600113473,106.45127309048794,110.58361043868256,107.81258194065306,123.71220468474516,113.76911099498903,108.53214602758467
2025-09-05,106.58353467553889,106.43107220584425,110.48242228798102,107.8545585813186,123.73030278252423,113.74237230666613,108.52630034170632
2025-09-08,106.57096953367638,106.45497293278422,110.45941527648328,107.88309302235776,123.7658039210672,113.74237230666613,108.56436384131108
2025-09-09,106.56958315707828,106.45003321870888,110.47660537683062,107.83839341390208,123.72091923834364,113.76835722511736,108.53371080458282
2025-09-10,106.54534902718792,106.43956548713749,110.40182831006732,107.81258604580984,123.66609661871652,113.78686300475334,108.59127501392862
2025-09-11,106.46979185705707,106.4661328508698,110.30092548141316,107.86170329658502,123.65825282480712,113.76419622922202,108.61796507335995
2025-09-12,106.53804833438669,106.49709960369148,110.31225924843676,107.85788773062508,123.68022585625316,113.77879227951244,108.58091009720212
2025-09-15,106.47503363344612,106.5037764568076,110.3196852732474,107.8911535171462,123.72319140533897,113.7896497007774,108.57133636552405
2025-09-16,106.43678174213396,106.4937400535735,110.3196852732474,107.87267417123236,123.73656463539228,113.78331957715996,108.56637123967673
2025-09-17,106.51278185393164,106.48867313238766,110.31258967851024,107.86646031355318,123.75740670187363,113.7714007841292,108.54837466405743
2025-09-18,106.50519680972396,106.52582897858696,110.18027506600394,107.86877415303276,123.68640244350289,113.78271777545643,108.58184413754964
2025-09-19,106.50484824915196,106.54584634122844,110.14592172031357,107.8685365097377,123.71883775236525,113.79262949937647,108.62420830865952
2025-09-22,106.51350861060472,106.5430677161004,110.14004400774596,107.81709928396356,123.69056835191714,113.7905387814479,108.61600994700382
2025-09-23,106.47002841734728,106.541629602316,110.08809581934668,107.76374733996224,123.710647293045,113.79522294564327,108.66676461707702
2025-09-24,106.52241275615792,106.5670767767259,110.06511358403417,107.81154625338688,123.69223555864848,113.8065122602105,108.6762070977306
2025-09-25,106.51923108629131,106.58787925268216,110.09900101295229,107.83283011090212,123.69725296168473,113.820417064525,108.67862773356718
2025-09-26,106.49881240623846,106.59813155670376,110.11676096192647,107.82700558320263,123.73252964149012,113.84784156709028,108.65999117018688
2025-09-29,106.42887450717612,106.5760769388022,110.09817055298804,107.82742695105716,123.70974425633015,113.85537648783996,108.73799778403377
2025-09-30,106.40574363233236,106.58170989458826,110.028639705946,107.82492946227592,123.73357997163852,113.86559243415404,108.73729033121892
2025-10-01,106.34347662968672,106.58159583389674,109.94804680008252,107.81085047449108,123.76054545436064,113.8156265195494,108.73729033121892
2025-10-02,106.31865298981616,106.5723316834705,109.9450394615366,107.83566531470032,123.72656395615986,113.82973502042604,108.73729033121892
2025-10-03,106.33549327248446,106.58567536934991,109.92120494137968,107.83472354821367,123.66736671348792,113.7968997099384,108.73729033121892
2025-10-06,106.32817064020846,106.62491665728696,109.92611138611564,107.82351781893816,123.72150703368985,113.79093316330598,108.73729033121892
2025-10-07,106.29514397530764,106.61450681407112,109.94133847513504,107.86103358781074,123.68742429660836,113.74502809375149,108.73729033121892
2025-10-08,106.26905245402432,106.5593730277351,109.95326005921808,107.8727197095912,123.75162532864164,113.73444193338014,108.73729033121892
2025-10-09,106.23477100981636,106.55352781176336,109.94093083430676,107.81858705806194,123.84139340834764,113.71175785052225,108.69075837829578
2025-10-10,106.15410420463095,106.56450112938982,109.88887333573744,107.82439427222673,123.94130723371497,113.68387543552466,108.67545743648807
2025-10-14,106.18911716887034,106.5741073391973,109.85947891474142,107.8156368976821,123.9821974832902,113.669519916588,108.53679987266128
2025-10-15,106.1885195310315,106.58895212905637,109.81166801320693,107.80304062015634,123.88138741031489,113.64932192640462,108.50710909256154
2025-10-16,106.1026112633414,106.59881477757668,109.79745057713298,107.8027124848713,123.93245049162876,113.67288859992712,108.50308453523871
2025-10-17,106.11303630259302,106.6061195205056,109.81989633597702,107.7963780582312,123.92591583863066,113.67620794111777,108.44067818159556
2025-10-20,106.0988311839548,106.62253323819787,109.82723715564536,107.8001511060134,123.93046362384186,113.6846413151516,108.56468976537047
2025-10-21,106.11878810823517,106.63051875935992,109.7441753803976,107.80065072089332,123.97630842719644,113.67639225397394,108.4605333702334
2025-10-22,106.1153334517172,106.62651210859244,109.72806100955484,107.82661578342643,124.09540148290009,113.6730170116338,108.44200061915892
2025-10-23,106.12783783290266,106.62926269281346,109.71350191261467,107.81420555018596,124.11352049481717,113.67959024974157,108.50875252264372
2025-10-24,106.09777644278746,106.6069418965641,109.71593411846985,107.78661066447016,124.21319291751917,113.68188003397916,108.54936659807385
2025-10-27,106.08446392714193,106.59487157611234,109.69926964913417,107.79371439195006,124.19709021454877,113.664835216952,108.45282106431272
2025-10-28,106.0510613837602,106.59285895705102,109.68256478463692,107.79935797488784,124.22166231580869,113.65107039844038,108.48502744551284
2025-10-29,106.28640484955024,106.58356536547792,109.83789050587228,107.81268944509355,124.26757319584092,113.6565102059505,108.4492631299916
2025-10-30,106.2593348488324,106.57038417178693,109.90314392314272,107.81551271056094,124.1715337217657,113.67081031527697,108.46704392140944
2025-10-31,106.24321413156392,106.597498023522,109.89977679629956,107.81551271056094,124.29997325306346,113.6911141308066,108.41360328648508
2025-11-03,106.25566825556189,106.59609846296942,109.89884538623868,107.77189092484883,124.27208626395942,113.67969756134752,108.45681405257052
2025-11-04,106.22487181906028,106.59409177606298,109.8848936898775,107.85788109480964,124.3405891128078,113.67483046308593,108.5071582577458
2025-11-05,106.24617009133614,106.59412683031022,109.91852360475428,107.82248522810534,124.42964658211407,113.67300176847615,108.49299309415612
2025-11-06,106.20618700220486,106.59774079596949,109.85054298515996,107.86268279800152,124.34948344416092,113.68522053000989,108.50718566509794
2025-11-07,106.21304490273612,106.61043713777124,109.88498303702217,107.8352169592389,124.35965519750806,113.6777915639888,108.51855802007786
2025-11-10,106.23585135853988,106.59364067173156,109.86017151792468,107.836436787815,124.44742437837408,113.70901601111278,108.49242824600674
2025-11-11,106.2478580688338,106.60763703989878,109.87034130486424,107.83540828943124,124.95412712632088,113.71392196683186,108.48209644342413
2025-11-12,106.22762311777772,106.61400938356864,109.85337310970824,107.86937095601718,124.9335013450522,113.72112336127276,108.48380674880832
2025-11-13,106.25475496994024,106.6231863090004,109.90381748071968,107.88876532223556,124.9491891687951,113.70499123186632,108.51710064569916
2025-11-14,106.24932573326107,106.64721177206869,109.90168183288245,107.91766876332822,125.078275696533,113.70353081943468,108.55764358951488
2025-11-17,106.25483924488827,106.64173293662223,109.90168183288245,107.98449723875758,125.03352677998134,113.70910615069236,108.54300907434262
2025-11-18,106.20353480437228,106.64289219698696,109.91419293271156,107.97797403468743,125.09585977249816,113.7201500217342,108.50514155978604
2025-11-19,106.24854812589548,106.67433385317231,109.94190115516706,107.96208811402606,125.10181392822514,113.71668725324407,108.48932479772984
2025-11-20,106.23478298203476,106.67471514470492,109.9092070940466,107.94636869932974,125.10181392822514,113.72257909210826,108.45811302801742
2025-11-21,106.13560389137562,106.67411555174095,109.90004805897438,107.96153576529078,125.08320451302488,113.706869949797,108.46972327653064
2025-11-24,106.04260281445195,106.67731804278652,109.8999170168367,107.98733918583169,125.26459754756104,113.71210413535265,108.47818052721532
2025-11-25,105.97025752100464,106.6762413047855,109.8624686010037,107.9436758814944,125.37031063870072,113.74991086368996,108.50904141027588
2025-11-26,105.91006921948332,106.66732575073532,109.83491887835112,107.9048349059237,125.34038177621474,113.73275712701177,108.56424864548072
2025-11-27,105.89648461570232,106.65432209828376,109.86054419740351,107.89488763968772,125.31426146504847,113.72857458839438,108.5907319151256
2025-11-28,105.89357001061906,106.65487239023706,109.88167076730367,107.90482777510064,125.32256295305996,113.7220821860748,108.59535488238905
2025-12-01,105.88995414418687,106.6610856527416,109.90281933205485,107.87171141050447,125.31012130556056,113.824187158871,108.56776497214062
2025-12-02,105.84377621923956,106.67149084327512,109.8916654974237,107.89802667220287,125.46065379103032,113.87072906955537,108.58526644684603
2025-12-03,105.79681605823735,106.66019845100163,109.84691597852658,107.8986313767616,125.4957620701614,113.88376893872064,108.59794494340144
2025-12-04,105.7652395614293,106.66599761557865,109.88707695248688,107.92019708718206,125.66978528839483,113.90383673427628,108.62070661250502
2025-12-05,105.77713981723969,106.66232159164372,109.9266895568755,107.91533717343904,125.05378869882009,113.9516373113445,108.58164012887389
2025-12-08,105.78102975668872,106.68120652809836,109.947604029986,107.91533717343904,125.24090332587774,113.9617924845546,108.53334242821272
2025-12-09,105.76311166149216,106.70741518202956,109.97505226681972,107.93246341292688,125.283970983874,114.03788914724952,108.52812872215742
2025-12-10,105.68597709519898,106.69141296363723,110.11480506164033,107.93695407728283,125.28828612175036,114.00851203035096,108.56777175038488
2025-12-11,105.67254915631676,106.69929826349455,110.12915693328502,107.96248776816093,125.27435812797675,114.02705697697178,108.55021892704106
2025-12-12,105.71199324903178,106.7340670679342,110.12915693328502,108.036147887821,125.48295193309572,114.00077696582518,108.5633095662578
2025-12-15,105.6894522310281,106.73298232917456,110.15962490253064,107.99243337249212,125.58795726773452,113.98873494173704,108.54504388748305
2025-12-16,105.68157033180364,106.74329811558668,110.16972776531924,107.93005111066284,125.46359335390432,114.01878141065352,108.55768046843114
2025-12-17,105.71330062976584,106.75344913208802,110.12152360259726,108.0389016315787,125.1740226863944,114.02821795451996,108.5016033576698
2025-12-18,105.69760228135594,106.75679366519294,110.24716367039952,108.03592690345911,125.2552876301311,114.01529810439818,108.51007704499688
2025-12-19,105.71990321974572,106.75283080600884,110.31047645964148,108.02744450077144,125.3433649791049,113.99420171283792,108.4852221479599
2025-12-22,105.7385030102809,106.7566626445252,110.27625084585031,108.01209087663382,125.16606123431217,114.01539088334611,108.50321404585884
2025-12-23,105.70049210019408,106.77654929578266,110.32452742793268,108.04266562479847,125.17114315216122,113.98124802525304,108.48913498621307
2025-12-24,105.67835999528128,106.77654929578266,110.2657058919057,108.05812352898704,125.17114315216122,113.9619305060579,108.4602061856773
2025-12-26,105.66837565498577,106.77654929578266,110.25780477072334,108.01812500024776,125.3206040555322,113.97574849490366,108.45336996275604
2025-12-29,105.63196316635216,106.79640569330007,110.2738670033512,107.99696062001848,125.260885340871,113.97945475521784,108.46033735296778
2025-12-30,105.61432965111142,106.7891456839084,110.29810614230786,108.0001194289596,125.20031906349244,113.98423308548446,108.45762521477118
2025-12-31,105.6413516041662,106.80223615206576,110.29103161973312,107.9976151795404,125.20031906349244,113.97123557861464,108.4762609030934
