n_days,mean,std,sharpe_ann,max_drawdown,total_pnl
554,5.7736274749325815,10.804307990485357,8.483050913497953,-7.044999731475627,3198.5896211126465
